id,mold,eside,eback,efront,ematerial,ebathtype,elength,m1,m2,m3,m4,m5,m6,m7,m8,backA,backB,backC,backD,backK,frontA,frontB,frontC,frontD,frontK,bottomA,bottomB,bottomC,bottomD,bottomK,topA,topB,topC,topD,topK,rightA,rightB,rightC,rightD,rightK,leftA,leftB,leftC,leftD,leftK
2905,56,0,1,1,1,0,2,0,0,0,0,0,0,0,0,0.987202,0.159408,-0.00458166,-0.653126,0.0177312,0.993054,-0.117648,-0.00165722,0.627084,0.0169636,-0.0284123,-0.999566,0.00771644,0.108953,0.000223049,-0.000402803,-1,0.000884462,-0.219878,1.33068e-05,0.00747134,0.159058,0.987241,-0.262901,0.00238257,0.000709433,-0.157074,0.987587,0.262771,0.00274764,
2908,19,2,2,2,0,0,2,0,0,0,0,0,0,0,0,0.870168,0.476511,0.125475,-0.51654,0.0137421,0.97131,-0.181483,0.153688,0.606524,0.0199926,-0.0296839,-0.999522,0.00868181,0.129963,0.000219362,0.00221423,-0.999986,0.00480092,-0.234133,2.12829e-05,-0.170965,0.214258,0.961699,-0.254763,0.00801942,-0.129273,-0.109643,0.985529,0.266673,0.00585932,
2917,1,0,4,4,1,0,2,0,0,0,0,0,0,0,0,0.994337,0.104432,0.0196813,-0.663605,0.0315352,0.989687,-0.143038,0.00775013,0.633489,0.029799,-0.0246544,-0.999693,-0.00259078,0.100758,0.000423191,-0.00243388,-0.999973,-0.0069985,-0.211774,9.83716e-06,-0.00351771,0.18349,0.983015,-0.259521,0.00457531,0.00296247,-0.185291,0.982679,0.259711,0.00448378,
2918,155,0,4,1,0,0,2,0,0,0,0,0,0,0,0,0.902677,0.430319,0.00010659,-0.543488,0.0155484,0.992219,-0.124489,0.00180463,0.602318,0.0108961,-0.0423016,-0.999098,0.0038321,0.126263,0.000214422,-0.00163673,-0.999998,0.0009085,-0.235882,3.06762e-05,-0.00828353,0.15519,0.98785,-0.263403,0.00246313,-0.0118569,-0.152519,0.988229,0.264737,0.00223823,
2921,564,0,1,1,1,0,2,0,0,0,0,0,0,0,0,0.969024,0.246941,-0.00367709,-0.607907,0.0182524,0.995196,-0.0979043,-0.00023996,0.622725,0.0191036,-0.0309099,-0.99951,0.00503204,0.097524,0.000269503,0.00147324,-0.999991,-0.00386936,-0.207322,1.59136e-05,-0.0103684,0.169255,0.985518,-0.263278,0.00267252,-0.00265688,-0.18562,0.982618,0.262637,0.00283712,
2926,554,0,1,1,1,0,2,0,0,0,0,0,0,0,0,0.993787,0.111294,-0.00107254,-0.649047,0.0185036,0.992691,-0.120317,0.00939364,0.630575,0.0161794,-0.0261624,-0.99965,0.00385553,0.127254,0.000255339,0.000109275,-0.999999,0.00125315,-0.23018,6.08519e-05,-0.00861921,0.19581,0.980604,-0.264516,0.00283301,-0.00878478,-0.130569,0.9914,0.262956,0.00271018,
2942,88,2,2,1,0,0,2,0,0,0,0,0,0,0,0,0.840697,0.541472,0.00604353,-0.472416,0.00371942,0.988564,-0.14945,0.0201608,0.59662,0.00421862,-0.0351832,-0.999247,0.0163449,0.13195,0.000157236,0.00820348,-0.999932,0.00828829,-0.224945,9.57762e-05,-0.0268018,0.187758,0.98185,-0.265024,0.00338701,-0.00820969,-0.121576,0.992548,0.269898,0.00256374,
2977,20,0,4,1,0,0,2,0,0,0,0,0,0,0,0,0.910157,0.414233,0.0049622,-0.537666,0.0255075,0.984031,-0.177987,-0.00192093,0.600461,0.0101363,-0.0269377,-0.999617,-0.00641104,0.133957,0.00023516,0.00117516,-0.999997,0.00193206,-0.229573,7.8003e-06,0.00564894,0.189038,0.981953,-0.259599,0.00227443,-0.00280948,-0.211807,0.977307,0.256707,0.0024895,
2979,551,0,1,1,1,0,2,0,0,0,0,0,0,0,0,0.991911,0.126906,0.00284075,-0.657055,0.0177537,0.990461,-0.13777,-0.00236969,0.637983,0.0169558,-0.0237872,-0.999692,-0.00704408,0.114632,0.000588912,-0.00119832,-0.999979,-0.00639237,-0.225573,1.19013e-05,0.00761733,0.169876,0.985436,-0.265248,0.00288946,0.00981588,-0.196826,0.980389,0.259684,0.0029759,
2984,526,0,1,1,1,0,2,0,0,0,0,0,0,0,0,0.958187,0.286126,0.0030882,-0.602755,0.0214138,0.992644,-0.121046,0.00233332,0.618245,0.0231404,-0.0252968,-0.999675,-0.00324803,0.109841,0.000334813,-0.0017533,-0.999995,0.00248505,-0.213152,2.04955e-05,-0.00475401,0.121242,0.992612,-0.267213,0.00334395,-0.00733902,-0.174672,0.984599,0.260978,0.00339028,
2987,56,0,1,1,1,0,2,0,0,0,0,0,0,0,0,0.993457,0.114027,-0.00644516,-0.642943,0.0170627,0.990052,-0.140626,-0.00455532,0.624929,0.0161874,-0.0189024,-0.999821,-0.000790429,0.111464,0.000228039,0.00078854,-0.999994,-0.00341172,-0.2214,3.87738e-05,0.00333433,0.196143,0.98057,-0.259638,0.0035117,0.00595193,-0.199335,0.979913,0.259757,0.00342401,
2991,67,2,2,1,0,0,2,0,0,0,0,0,0,0,0,0.785078,0.617599,-0.0471622,-0.448866,0.00880226,0.977924,-0.206401,-0.0326213,0.613521,0.0131789,-0.0291254,-0.999575,-0.00152239,0.10795,0.00018263,0.00263578,-0.999965,0.00786769,-0.201431,4.75511e-05,-0.0104897,0.201556,0.979421,-0.237836,0.0033131,0.0524752,-0.212976,0.975647,0.241997,0.00382055,
2992,23,1,4,4,1,0,2,0,0,0,0,0,0,0,0,0.998715,0.0505496,-0.00372766,-0.639881,0.0348247,0.998174,-0.060368,-0.00219912,0.623188,0.0341115,-0.0141561,-0.999899,0.00136138,0.119142,0.000181068,0.000128861,-1,0.00047907,-0.231187,2.42091e-05,-0.00333793,0.10374,0.994599,-0.265331,0.00695708,0.000946696,-0.171523,0.98518,0.258312,0.00723794,
2994,564,0,1,1,1,0,2,0,0,0,0,0,0,0,0,0.972687,0.232116,-0.00148289,-0.619925,0.0173158,0.994929,-0.100525,0.00339163,0.62441,0.0179134,-0.0340237,-0.999421,-0.000808121,0.103356,0.00039754,-0.00343049,-0.99997,-0.0068975,-0.214947,4.5728e-05,-0.00187135,0.172359,0.985032,-0.266554,0.00350251,0.0056973,-0.21766,0.976008,0.262452,0.00346014,
3002,387,0,1,1,1,0,2,0,0,0,0,0,0,0,0,0.975753,0.218665,-0.00959992,-0.633104,0.0170614,0.993242,-0.11594,-0.00533723,0.63144,0.0222512,-0.0154489,-0.999879,0.00159425,0.0971633,0.000849474,0.00377341,-0.999967,-0.00715199,-0.210377,2.38667e-05,0.00852454,0.132927,0.991089,-0.266204,0.00378532,0.00986077,-0.145029,0.989378,0.268478,0.0034078,
3004,235,0,4,1,0,0,2,0,0,0,0,0,0,0,0,0.878713,0.47735,0.000605648,-0.531391,0.0176042,0.987572,-0.157152,-0.00197939,0.604117,0.012095,-0.0394918,-0.999215,-0.003117,0.106773,0.000275018,7.47769e-05,-1,-0.000330202,-0.206339,2.53375e-05,-0.00135385,0.154745,0.987954,-0.250075,0.00162038,-0.00173575,-0.15941,0.987211,0.250837,0.00160739,
3005,344,0,1,1,1,0,2,0,0,0,0,0,0,0,0,0.974011,0.226331,-0.0087678,-0.625566,0.0214846,0.990644,-0.135576,-0.0156013,0.626753,0.0174983,-0.0219309,-0.999736,-0.00686337,0.124994,0.000171083,-0.000316748,-0.999994,-0.00337548,-0.22487,2.8206e-05,0.00906364,0.14974,0.988684,-0.26397,0.00318086,0.00190779,-0.183644,0.982991,0.2609,0.00313527,
3006,85,0,4,1,0,0,2,0,0,0,0,0,0,0,0,0.879846,0.47515,-0.0101414,-0.530109,0.017552,0.98798,-0.154356,-0.00834283,0.606098,0.0121488,-0.0372595,-0.999305,-0.000838536,0.106503,0.000273959,0.00149727,-0.999999,8.93992e-05,-0.206404,2.87481e-05,0.0075539,0.160563,0.986997,-0.250239,0.00176288,0.00882346,-0.163488,0.986506,0.249615,0.0016368,
3007,11,0,4,1,0,0,2,0,0,0,0,0,0,0,0,0.894302,0.447463,-0.00138346,-0.529357,0.0188479,0.985294,-0.170854,-0.0022293,0.605832,0.0113862,-0.0280495,-0.999583,-0.00690254,0.127476,0.000124811,0.00215116,-0.999996,-0.00170032,-0.236081,2.38861e-05,0.00280461,0.131258,0.991344,-0.271098,0.00196045,0.00210636,-0.15711,0.987579,0.267716,0.0020029,
3008,24,0,4,1,0,0,2,0,0,0,0,0,0,0,0,0.894704,0.44649,-0.0122979,-0.543466,0.0184416,0.989608,-0.143636,-0.00672364,0.616075,0.0126492,-0.035147,-0.99938,0.00227296,0.101424,0.000268186,-0.000727216,-0.999998,-0.00195711,-0.207053,3.55732e-05,0.00221574,0.144579,0.989491,-0.254934,0.0017351,0.00468357,-0.143409,0.989652,0.255814,0.00163587,
3009,15,0,1,1,1,0,2,0,0,0,0,0,0,0,0,0.967293,0.252316,0.0261067,-0.625416,0.0182551,0.994323,-0.100879,0.0338316,0.625984,0.019898,-0.0344293,-0.999335,-0.0120014,0.111135,0.000364324,0.00342251,-0.999975,-0.00627227,-0.214533,2.84724e-05,-0.026095,0.217214,0.975775,-0.270033,0.00391462,-0.0178765,-0.198463,0.979945,0.266853,0.0038925,
3020,88,2,2,1,0,0,2,0,0,0,0,0,0,0,0,0.842549,0.538508,-0.0109342,-0.468792,0.00387402,0.984365,-0.176142,-0.000474371,0.58776,0.00505837,-0.0411936,-0.999032,0.0154602,0.132338,0.000195509,0.00685957,-0.99997,0.00351885,-0.225503,0.000109823,-0.0166222,0.207928,0.978003,-0.259682,0.00391018,0.00712249,-0.146987,0.989113,0.266112,0.00391963,
3021,608,0,1,1,1,0,2,0,0,0,0,0,0,0,0,0.775615,0.630998,0.016194,-0.434803,0.00642158,0.986458,-0.164011,-0.000729707,0.598714,0.0252367,-0.0256487,-0.999605,-0.0114621,0.100308,0.000724453,-0.00409491,-0.999948,-0.00929138,-0.193292,3.10974e-05,-0.0127415,0.138356,0.990301,-0.269446,0.0028629,0.00849677,-0.202684,0.979207,0.263418,0.00282934,
3022,29,0,1,1,0,0,2,0,0,0,0,0,0,0,0,0.801667,0.597764,-0.00280417,-0.457935,0.00972243,0.991169,-0.132443,-0.00656598,0.602292,0.0196128,-0.0252628,-0.999675,0.0035496,0.11312,0.000291693,0.00193081,-0.999996,-0.00183714,-0.200432,4.49392e-05,0.0036839,0.226211,0.974071,-0.242168,0.00447708,0.0097849,-0.191471,0.98145,0.24403,0.00411754,
3025,27,0,1,1,0,0,2,0,0,0,0,0,0,0,0,0.79121,0.611542,0.00208362,-0.454606,0.0097752,0.990769,-0.135558,1.37389e-05,0.60043,0.0186162,-0.0259367,-0.999654,0.00429361,0.109013,0.000168214,0.000387464,-0.999995,0.00308655,-0.204395,1.54104e-05,-0.0109207,0.176091,0.984313,-0.256398,0.00311551,-0.0111772,-0.155845,0.987718,0.25587,0.0025569,
3026,76,2,2,1,0,0,2,0,0,0,0,0,0,0,0,0.845436,0.533582,-0.0229787,-0.469292,0.00345697,0.979029,-0.203023,-0.0168684,0.581178,0.006486,-0.0330831,-0.999443,0.00440829,0.108807,0.000415933,0.00382334,-0.999982,0.00460806,-0.204448,2.45318e-05,-0.00862229,0.15112,0.988478,-0.245492,0.00405384,0.0452901,-0.226049,0.973062,0.243307,0.00476145,
3028,602,0,2,1,1,0,2,0,0,0,0,0,0,0,0,0.775769,0.631016,-0.000713135,-0.438769,0.00652614,0.988987,-0.148001,-0.000315232,0.59838,0.0230734,-0.0323648,-0.999476,-0.000707524,0.101012,0.000684117,0.00194778,-0.99997,0.00744041,-0.194771,0.000383099,0.00149106,0.18649,0.982456,-0.263984,0.00253612,0.0212198,-0.1442,0.989321,0.268463,0.00286975,
3029,11,0,4,1,0,0,2,0,0,0,0,0,0,0,0,0.894637,0.446776,-0.00392649,-0.527488,0.0180299,0.981868,-0.189559,-0.0017835,0.604208,0.0107914,-0.0262691,-0.999604,-0.0100759,0.129912,0.000221672,0.000968938,-0.999975,-0.00703932,-0.231118,1.79072e-05,-0.00107047,0.155428,0.987847,-0.264487,0.00286891,0.00652979,-0.17676,0.984232,0.265242,0.00282961,
3042,97,0,1,1,1,0,2,0,0,0,0,0,0,0,0,0.893431,0.449087,-0.0101134,-0.539963,0.0143051,0.994074,-0.106782,-0.0203683,0.62208,0.0204637,-0.0189825,-0.999798,-0.00657625,0.121724,0.000526667,0.0003497,-0.999982,-0.00604915,-0.223349,2.08987e-05,0.0271613,0.112566,0.993273,-0.256282,0.00273437,0.0280133,-0.21777,0.975598,0.278232,0.00281781,
3044,138,0,1,1,1,0,2,0,0,0,0,0,0,0,0,0.989636,0.143449,0.00652466,-0.656181,0.017386,0.993344,-0.115186,0.000212188,0.628681,0.0163509,-0.0311059,-0.999505,-0.00470374,0.112297,0.000397556,0.00102564,-0.999994,-0.00322552,-0.227679,1.10388e-05,-0.00749555,0.161114,0.986907,-0.26151,0.00317015,-0.00682983,-0.174163,0.984693,0.264066,0.00311191,
3045,138,0,1,1,1,0,2,0,0,0,0,0,0,0,0,0.990501,0.137408,0.00511081,-0.655841,0.0181016,0.994776,-0.102077,-0.0012798,0.63202,0.0168866,-0.0308089,-0.9995,0.0070562,0.11564,0.000484725,0.000279053,-0.999995,0.0032949,-0.226836,8.52706e-05,-0.00023381,0.179735,0.983715,-0.261538,0.00369949,0.00325573,-0.170344,0.985379,0.266221,0.00373659,
3052,266,2,2,2,0,0,2,0,0,0,0,0,0,0,0,0.882438,0.47028,0.0118346,-0.498998,0.00698501,0.984085,-0.1777,-0.000370733,0.603443,0.00934675,-0.0348633,-0.999266,-0.0158915,0.130236,0.000386609,-0.00252065,-0.999968,-0.00754944,-0.22665,1.01754e-05,-0.0451972,0.145133,0.988379,-0.261282,0.00465882,0.0380377,-0.229444,0.972578,0.254114,0.00502177,
3053,157,0,4,1,0,0,2,0,0,0,0,0,0,0,0,0.853903,0.52043,-0.00140039,-0.500504,0.0232171,0.986507,-0.163701,0.00255777,0.598121,0.0153844,-0.0315975,-0.999436,-0.0113351,0.106905,0.000216022,-0.000792089,-0.999999,0.00137016,-0.200895,9.6621e-06,-0.00087063,0.172078,0.985083,-0.247971,0.00274316,-0.0105798,-0.179459,0.983709,0.240202,0.00275748,
3054,124,0,1,1,1,0,2,0,0,0,0,0,0,0,0,0.983667,0.179969,0.00327927,-0.649443,0.0226041,0.995161,-0.0981566,0.00437416,0.625559,0.021421,-0.0323208,-0.999417,0.0109784,0.0967198,0.000888576,0.00149155,-0.999995,0.00288954,-0.208905,1.01012e-05,-0.00182771,0.219095,0.975702,-0.254197,0.00338681,-0.000172135,-0.170482,0.985361,0.260759,0.00429587,
3055,139,0,1,1,1,0,1,0,0,0,0,0,0,0,0,0.985749,0.168079,-0.00688927,-0.567688,0.0110768,0.989736,-0.142846,-0.00415833,0.553494,0.0103622,-0.033278,-0.999446,0.000885606,0.120833,0.000307475,-0.00106748,-0.999993,-0.0034919,-0.232287,4.37948e-05,0.00255943,0.104,0.994574,-0.273471,0.00226598,0.00206118,-0.110865,0.993833,0.272902,0.00393718,
3056,1,0,4,4,1,0,2,0,0,0,0,0,0,0,0,0.992227,0.124348,-0.00487093,-0.633633,0.0326389,0.989507,-0.144193,0.00917732,0.615396,0.0303265,-0.0178203,-0.99984,0.00173443,0.102889,0.000485579,0.000348368,-0.999999,-0.00114457,-0.20967,2.67668e-05,-0.00211437,0.181059,0.98347,-0.259943,0.00467845,0.0036537,-0.165476,0.986207,0.262529,0.00428782,
3060,21,2,2,2,0,0,2,0,0,0,0,0,0,0,0,0.879633,0.456105,-0.134958,-0.521204,0.0116869,0.969871,-0.194586,-0.146582,0.611003,0.0134792,-0.0279507,-0.999606,-0.0023991,0.129587,0.000222633,-0.000118873,-1,-6.15264e-05,-0.233451,2.41717e-05,0.135386,0.110686,0.984591,-0.267047,0.00409132,0.179126,-0.197873,0.963722,0.257212,0.00761336,
3061,11,0,4,1,0,0,2,0,0,0,0,0,0,0,0,0.886495,0.462728,0.00310647,-0.527897,0.0186745,0.984037,-0.177952,0.00185527,0.596532,0.0114599,-0.0382269,-0.999266,-0.00232292,0.128363,0.000182734,-0.00136372,-0.999996,0.00263469,-0.233586,3.14481e-05,-0.0048506,0.1563,0.987698,-0.270507,0.00188075,-0.00898652,-0.129618,0.991523,0.266897,0.00190584,
3062,369,0,4,1,0,0,2,0,0,0,0,0,0,0,0,0.890937,0.454119,-0.0027466,-0.489584,0.0210976,0.978246,-0.207446,-0.000890189,0.570018,0.0161868,-0.0285185,-0.999544,-0.00989354,0.133388,0.00066584,-0.0031087,-0.99998,-0.00542174,-0.228657,2.59716e-05,0.00771415,0.160565,0.986995,-0.254823,0.00440136,0.00818408,-0.213915,0.976818,0.250753,0.00441092,
3065,12,1,2,2,1,0,2,0,0,0,0,0,0,0,0,0.961301,0.275451,0.00520918,-0.614007,0.0133224,0.983605,-0.180272,0.00479756,0.613075,0.0137864,-0.0246795,-0.999674,-0.00650544,0.10487,0.000592469,-0.000396547,-0.999994,-0.00346893,-0.211416,1.2675e-05,-0.00987862,0.150835,0.98851,-0.249829,0.00431336,-0.003996,-0.159245,0.987231,0.251497,0.00398858,
3066,285,0,4,1,0,0,2,0,0,0,0,0,0,0,0,0.825211,0.564669,-0.0132626,-0.444681,0.0211096,0.992212,-0.123,-0.0196355,0.582647,0.0121887,-0.0100252,-0.999883,-0.0115724,0.159788,0.000862307,0.00244252,-0.999997,0.000670561,-0.246396,3.03526e-05,0.0284154,0.180939,0.983084,-0.251534,0.00329729,-0.00199593,-0.209947,0.977711,0.246252,0.00375497,
3071,124,0,1,1,1,0,2,0,0,0,0,0,0,0,0,-0.062062,-0.981406,0.181631,0.0350254,0.047332,0.142371,-0.989005,0.0400037,-0.0638821,0.0608711,0.0508765,-0.997724,0.044245,0.0792533,0.00169462,-0.504829,-0.789627,-0.348763,-0.362258,0.0172721,0.377487,-0.880425,-0.286975,0.153692,0.133235,0.146047,-0.980866,0.128733,-0.0501947,0.069926,
3080,387,0,1,1,1,0,2,0,0,0,0,0,0,0,0,0.97901,0.203778,0.0037372,-0.638215,0.0175709,0.991297,-0.131163,0.0112128,0.633017,0.0224397,-0.022763,-0.999735,-0.00336019,0.0949674,0.000892745,-0.0042749,-0.999945,-0.00960399,-0.211492,3.28635e-05,-0.00283808,0.125976,0.992029,-0.267762,0.00341727,0.00774436,-0.152531,0.988268,0.264938,0.00405546,
3081,564,0,1,1,1,0,2,0,0,0,0,0,0,0,0,0.989899,0.141314,0.0114141,-0.636579,0.0308794,0.993265,-0.113669,0.0224553,0.614965,0.0297848,-0.034896,-0.99937,0.00649786,0.0998217,0.000453198,-0.00543274,-0.999919,0.0114996,-0.212885,2.95179e-05,-0.00686942,0.224991,0.974337,-0.259239,0.0047608,-0.00917045,-0.173791,0.98474,0.259647,0.00464706,
3084,92,0,1,1,1,0,2,0,0,0,0,0,0,0,0,0.979042,0.203193,-0.0137725,-0.649483,0.0129838,0.993951,-0.109469,-0.00881992,0.646417,0.01514,-0.0207475,-0.999777,-0.00406199,0.108873,0.000323303,-0.00399044,-0.99997,-0.00660451,-0.219222,3.27452e-05,0.0151419,0.165978,0.986013,-0.256421,0.00419932,0.0213222,-0.237695,0.971106,0.252946,0.00298878,
3085,246,0,1,1,1,0,2,0,0,0,0,0,0,0,0,0.971809,0.235763,-0.00165195,-0.62905,0.0204112,0.996463,-0.0833813,0.0104556,0.622567,0.0172171,-0.0360578,-0.999329,0.00638463,0.10978,0.000336435,-0.000531191,-0.999985,0.00541415,-0.221448,5.15496e-05,-0.00771037,0.220571,0.97534,-0.265005,0.00324101,-0.0085191,-0.143727,0.989581,0.267709,0.00297214,
3087,27,0,1,1,0,0,2,0,0,0,0,0,0,0,0,0.786363,0.617665,0.0110836,-0.441886,0.00856765,0.99218,-0.12401,0.014148,0.599921,0.0168201,-0.0340995,-0.999397,0.0065266,0.108257,0.000103587,0.000484805,-0.999986,0.00521563,-0.200229,2.45893e-05,-0.00533639,0.228123,0.973618,-0.258046,0.0023122,-0.00473032,-0.192701,0.981246,0.257537,0.00252851,
3096,235,0,4,1,0,0,2,0,0,0,0,0,0,0,0,0.895818,0.444258,-0.0120077,-0.535778,0.0183737,0.982761,-0.184365,-0.0137729,0.603942,0.0139836,-0.0187378,-0.999766,0.0108191,0.110857,0.000148504,0.00690038,-0.999743,0.0216137,-0.204982,4.24266e-05,-0.0013101,0.181134,0.983457,-0.236726,0.00182167,0.00369178,-0.206107,0.978523,0.234896,0.00247377,
3097,13,0,4,2,0,0,3,0,0,0,0,0,0,0,0,0.865444,0.500796,-0.0145097,-0.540373,0.0213566,0.987372,-0.157672,-0.015338,0.651069,0.0170209,-0.0239378,-0.999578,-0.0164472,0.167202,0.00044871,0.0050703,-0.999982,-0.0030873,-0.231733,0.000184349,0.0232138,0.185436,0.982382,-0.240273,0.00311726,0.0099916,-0.277946,0.960545,0.247576,0.00360648,
3102,17,0,1,1,1,0,2,0,0,0,0,0,0,0,0,0.958109,0.286358,0.00515939,-0.609843,0.0179863,0.997802,-0.0659945,0.00601779,0.614733,0.0185587,-0.0420852,-0.99905,0.0112681,0.0958687,0.000296531,0.00294393,-0.999952,0.00934286,-0.208363,1.83399e-05,-0.00355495,0.200213,0.979746,-0.262624,0.00269318,-0.00356765,-0.177186,0.984171,0.264908,0.00289547,
3103,17,0,1,1,1,0,2,0,0,0,0,0,0,0,0,0.964474,0.263828,-0.0136032,-0.611995,0.0173827,0.994644,-0.102821,-0.0105085,0.623367,0.0193342,-0.0288976,-0.999582,0.000195592,0.100914,0.000372957,0.000842183,-0.999985,-0.00537161,-0.204931,2.23532e-05,0.0187276,0.191757,0.981264,-0.26221,0.00319025,0.0254189,-0.224519,0.974138,0.260584,0.00302755,
3106,5,0,4,1,0,0,2,0,0,0,0,0,0,0,0,0.803799,0.594895,-0.0026249,-0.443911,0.0210105,0.995189,-0.0979265,-0.00316652,0.597309,0.0116187,-0.0311478,-0.999457,0.0107653,0.135842,0.000144864,0.00121391,-0.999995,0.00289362,-0.227697,9.11143e-06,0.0117646,0.22051,0.975314,-0.252266,0.00356377,-0.00814794,-0.175748,0.984401,0.257187,0.00386179,
3109,393,1,2,2,1,0,2,0,0,0,0,0,0,0,0,0.961117,0.275802,0.0136659,-0.602146,0.0140759,0.981138,-0.193223,0.00586303,0.598915,0.013449,-0.0189793,-0.999819,-0.00122859,0.103079,0.000714274,0.00211125,-0.999989,0.00413404,-0.206913,1.19666e-05,-0.00697574,0.152693,0.988249,-0.248803,0.00338777,-0.00774139,-0.141605,0.989893,0.253059,0.00345254,
3110,551,0,1,1,1,0,2,0,0,0,0,0,0,0,0,0.994624,0.103546,0.00140639,-0.648601,0.0174871,0.990353,-0.1385,0.00426162,0.629555,0.0167044,-0.0174555,-0.999847,0.000789728,0.115542,0.000441406,-0.000798482,-0.999996,-0.00253169,-0.220658,2.06185e-05,-0.00943242,0.16049,0.986992,-0.260969,0.00233932,-0.00842287,-0.208343,0.97802,0.25663,0.00263834,
3114,387,0,1,1,1,0,2,0,0,0,0,0,0,0,0,0.98073,0.195369,6.53526e-05,-0.643154,0.0179181,0.994106,-0.108094,-0.00833506,0.635013,0.02287,-0.0304291,-0.999487,-0.00994425,0.0984433,0.00101669,-0.00485154,-0.999895,-0.0136304,-0.215982,3.9083e-05,-0.00917791,0.131825,0.99123,-0.264609,0.00377337,-0.000854959,-0.140903,0.990023,0.267616,0.00338758,
3115,41,0,1,1,1,0,1,0,0,0,0,0,0,0,0,0.96996,0.243212,-0.00493761,-0.572545,0.0091385,0.99379,-0.111266,0.00073878,0.583688,0.0120404,-0.0113387,-0.99991,0.00717787,0.115048,0.000277194,0.00398235,-0.999963,0.00758711,-0.226531,1.64778e-05,-0.00697602,0.157712,0.987461,-0.256478,0.00189761,0.00151534,-0.164138,0.986436,0.254086,0.00191043,
3118,155,0,4,1,0,0,2,0,0,0,0,0,0,0,0,0.909692,0.415102,-0.0122549,-0.546202,0.0169761,0.986632,-0.162835,-0.00648717,0.611326,0.0104471,-0.0231721,-0.999703,-0.00760675,0.128989,0.000239121,0.00232264,-0.999997,-0.00042429,-0.233618,1.81107e-05,0.00523672,0.132041,0.99123,-0.268625,0.00168045,0.00854768,-0.163925,0.986436,0.26317,0.00170087,
3119,46,0,4,1,0,0,2,0,0,0,0,0,0,0,0,0.869654,0.493654,-0.0028849,-0.501652,0.0215543,0.982883,-0.184227,-0.000742794,0.601187,0.0175711,-0.0212382,-0.999774,-0.00036336,0.132471,0.000544662,0.000650278,-0.999998,-0.00170965,-0.227569,1.38303e-05,0.0073081,0.159196,0.98722,-0.260727,0.00337171,0.0058221,-0.182641,0.983163,0.259224,0.00329542,
3121,12,1,2,2,1,0,2,0,0,0,0,0,0,0,0,0.966016,0.258294,-0.00983858,-0.598782,0.0130984,0.980599,-0.195988,-0.00376235,0.60176,0.0130034,-0.0182668,-0.999832,0.00146572,0.104658,0.000542102,0.000975472,-1,0.000171706,-0.20154,3.87145e-05,0.00598597,0.145368,0.989359,-0.249238,0.00390635,0.0104798,-0.134442,0.990866,0.251978,0.00379575,
3123,575,0,4,4,1,0,1,0,0,0,0,0,0,0,0,0.989227,0.146374,-0.00234037,-0.571953,0.0314148,0.991704,-0.128264,-0.00847111,0.555413,0.0307977,-0.0310543,-0.999515,0.0025345,0.0990278,0.000553942,-0.0015896,-0.999997,0.00183206,-0.201714,2.51346e-05,0.0156018,0.161147,0.986807,-0.252474,0.00505025,0.0119269,-0.161348,0.986826,0.251255,0.00529034,
3124,15,0,1,1,1,0,2,0,0,0,0,0,0,0,0,0.972816,0.231381,0.00954998,-0.608204,0.0177231,0.996957,-0.0776888,0.00641582,0.611587,0.0184331,-0.0290346,-0.999566,-0.00492022,0.108225,0.000335015,0.000121701,-0.999999,-0.00129741,-0.213511,2.62546e-05,-0.0142257,0.160574,0.986921,-0.265916,0.00269063,-0.0129655,-0.21344,0.97687,0.258029,0.00315199,
3125,410,1,1,1,1,0,2,0,0,0,0,0,0,0,0,0.990688,0.135864,0.00882746,-0.626222,0.0266881,0.989707,-0.142439,0.0138278,0.609822,0.025706,-0.0210204,-0.999777,-0.00175698,0.0997052,0.000695265,0.00125873,-0.999995,-0.00280883,-0.202075,2.88392e-05,-0.0204418,0.219615,0.975372,-0.24713,0.00581708,-0.0203338,-0.170646,0.985123,0.249231,0.00571853,
3127,235,0,4,1,0,0,2,0,0,0,0,0,0,0,0,0.894112,0.447842,-0.000574107,-0.537716,0.0186947,0.983607,-0.180308,-0.00232238,0.615665,0.0137374,-0.024954,-0.999687,-0.00190419,0.113447,0.00020347,5.51233e-05,-0.999994,0.00348026,-0.205609,1.52877e-05,-0.00291993,0.17383,0.984771,-0.240381,0.00330484,0.00169726,-0.20795,0.978138,0.237461,0.00182438,
3136,387,0,1,1,1,0,2,0,0,0,0,0,0,0,0,0.975876,0.218317,0.00211666,-0.626713,0.0197669,0.992607,-0.121376,-2.55823e-06,0.619575,0.0234428,-0.0213624,-0.99977,0.00188925,0.0953974,0.000699407,-0.00252296,-0.999994,-0.00257681,-0.204266,4.45069e-05,-0.000552721,0.143265,0.989684,-0.262149,0.00447062,0.00932832,-0.168531,0.985652,0.261842,0.00468035,
3141,23,1,4,4,1,0,2,0,0,0,0,0,0,0,0,0.997804,0.0661376,0.00363012,-0.635868,0.0348497,0.998945,-0.0458134,-0.00316597,0.621903,0.0345826,-0.0203597,-0.999792,-0.000893683,0.120193,0.000249271,0.000802409,-1,-0.000247694,-0.226181,4.20896e-05,-0.00727511,0.201655,0.979429,-0.259956,0.00706792,-0.00590541,-0.100478,0.994922,0.25905,0.00600345,
3142,592,0,1,1,1,0,2,0,0,0,0,0,0,0,0,0.973308,0.22948,0.00321816,-0.621026,0.0179438,0.996594,-0.081606,0.0118585,0.628865,0.017016,-0.0242327,-0.999686,-0.00640062,0.110864,0.000326376,0.00542896,-0.999955,-0.00775167,-0.221677,3.62592e-05,-0.0169429,0.138374,0.990235,-0.268003,0.00277468,-0.0147766,-0.207069,0.978215,0.264318,0.00323763,
3143,28,0,2,1,1,0,2,0,0,0,0,0,0,0,0,0.888574,0.45872,0.00349144,-0.539285,0.0130119,0.997205,-0.0739281,-0.0107645,0.62858,0.0160618,-0.0304795,-0.999492,-0.0093346,0.124903,0.000574408,-0.00407158,-0.999983,-0.00403358,-0.224157,0.000146451,0.000707859,0.202924,0.979194,-0.261268,0.00337094,0.00508205,-0.138755,0.990314,0.268725,0.00323694,
3148,28,0,2,1,1,0,2,0,0,0,0,0,0,0,0,0.891415,0.453039,0.0116569,-0.542849,0.0134093,0.995801,-0.091546,0.000764095,0.624724,0.0163121,-0.0338651,-0.999273,-0.0175294,0.123747,0.000594153,-0.00570459,-0.999914,-0.0117926,-0.226973,3.764e-05,-0.0136637,0.192196,0.981261,-0.263397,0.00394194,-0.0100857,-0.142905,0.989685,0.267019,0.00339285,
3150,39,0,1,1,1,0,2,0,0,0,0,0,0,0,0,0.979934,0.198865,-0.0134955,-0.633763,0.0169039,0.995199,-0.0978657,0.000630204,0.629854,0.0226416,-0.0102527,-0.999917,0.00786433,0.104508,0.000812671,0.00274165,-0.999992,0.00284841,-0.221322,2.13518e-05,-0.00631451,0.137825,0.990437,-0.266732,0.00505843,0.00538052,-0.138565,0.990339,0.265689,0.00466593,
3152,15,0,1,1,1,0,2,0,0,0,0,0,0,0,0,0.977,0.213083,0.00813658,-0.60696,0.0171557,0.997184,-0.0748586,-0.00446818,0.607092,0.0160018,-0.0324595,-0.999451,-0.00663707,0.11348,0.000348704,0.00072859,-0.999986,-0.00518423,-0.216108,1.85102e-05,0.00246954,0.137028,0.990564,-0.262246,0.0030026,0.0030069,-0.15943,0.987205,0.262128,0.00275816,
3153,387,0,1,1,1,0,2,0,0,0,0,0,0,0,0,0.980195,0.196396,0.0254257,-0.635055,0.0173146,0.995114,-0.0968931,0.0189855,0.633596,0.0212742,-0.027506,-0.9996,0.00661891,0.0980886,0.00103309,-0.00331271,-0.99997,-0.00692941,-0.216375,3.94747e-05,-0.0488398,0.135763,0.989537,-0.293773,0.00345868,-0.0468536,-0.0734999,0.996194,0.242314,0.00312782,
3154,95,0,4,1,0,0,2,0,0,0,0,0,0,0,0,0.864102,0.503252,-0.00805737,-0.484552,0.0237737,0.977748,-0.209758,-0.00319565,0.565738,0.0167163,-0.0277512,-0.999579,0.00842912,0.130177,0.000337381,0.000583971,-0.999997,0.00220495,-0.228164,1.85777e-05,0.0158901,0.183468,0.982897,-0.255999,0.00512524,0.0144425,-0.19362,0.98097,0.255696,0.00462358,
3175,2,0,1,1,0,0,2,0,0,0,0,0,0,0,0,0.80373,0.594967,0.00577449,-0.461067,0.00709465,0.995363,-0.0956486,0.0101816,0.606825,0.0126976,-0.0261409,-0.999652,0.0036174,0.109901,0.000114875,0.000811114,-0.999997,0.00228972,-0.201394,1.56253e-05,-0.00499088,0.199858,0.979812,-0.260184,0.00176768,-0.00701174,-0.185597,0.982601,0.26164,0.00168479,
3179,387,0,1,1,1,0,2,0,0,0,0,0,0,0,0,0.981811,0.189862,-6.51748e-05,-0.627539,0.0180948,0.995566,-0.0939154,-0.00536668,0.627704,0.0227211,-0.019651,-0.999795,-0.00480372,0.0989097,0.000634936,-0.00278967,-0.999968,-0.00744394,-0.210913,2.28539e-05,-0.0012109,0.110073,0.993923,-0.265378,0.0035876,0.00458956,-0.17686,0.984225,0.262705,0.00373897,
3180,2,0,1,1,0,0,2,0,0,0,0,0,0,0,0,0.805432,0.592685,-0.00188424,-0.451141,0.00610816,0.992011,-0.126032,-0.00550405,0.60327,0.0134257,-0.0190008,-0.999779,-0.00894968,0.108959,0.000192252,0.000285478,-0.999996,-0.00289259,-0.19761,1.85557e-05,0.0102978,0.199295,0.979885,-0.256597,0.00268526,0.0122931,-0.251823,0.967695,0.251432,0.00327018,
3182,15,0,1,1,1,0,2,0,0,0,0,0,0,0,0,0.968036,0.250812,-3.39252e-05,-0.608177,0.0170583,0.994802,-0.101147,-0.0117647,0.607754,0.0196593,-0.0339739,-0.999414,0.00424147,0.10669,0.000203599,-0.00100641,-0.999997,0.00205213,-0.212304,1.78551e-05,0.00916046,0.209369,0.977794,-0.259596,0.00478355,0.0116416,-0.215613,0.976409,0.258646,0.00431123,
3184,39,0,1,1,1,0,2,0,0,0,0,0,0,0,0,0.979156,0.202796,-0.0112964,-0.641258,0.0174177,0.996526,-0.0831051,0.00538701,0.635553,0.0235677,-0.0164394,-0.999864,0.00116698,0.100098,0.000664781,0.00375476,-0.999967,-0.00725849,-0.21763,2.70928e-05,-0.0210357,0.105438,0.994203,-0.269013,0.00402941,-0.010711,-0.184436,0.982786,0.264981,0.00409547,
3188,28,0,2,1,1,0,2,0,0,0,0,0,0,0,0,0.886197,0.463195,0.0102396,-0.534061,0.0134983,0.995569,-0.0929095,0.0145036,0.613906,0.0195963,-0.028089,-0.999604,0.00174017,0.120547,0.000485088,3.31069e-05,-1,0.000898539,-0.221843,2.22272e-05,-0.0190538,0.227969,0.973482,-0.262251,0.00346466,-0.0170584,-0.151008,0.988385,0.2597,0.00377814,
3204,33,0,2,2,1,0,2,0,0,0,0,0,0,0,0,0.990993,0.133273,-0.013055,-0.660113,0.0219269,0.994295,-0.106292,-0.00887353,0.643068,0.0223549,-0.0178791,-0.999839,-0.00156405,0.0988592,0.000850683,0.00195172,-0.999984,-0.0052534,-0.213714,1.21417e-05,0.00850227,0.166307,0.986037,-0.261162,0.00370015,0.0139535,-0.189268,0.981826,0.26145,0.00393408,
3208,97,0,1,1,1,0,2,0,0,0,0,0,0,0,0,0.94601,0.324115,-0.00385077,-0.594002,0.0217573,0.991096,-0.133132,0.00234504,0.620374,0.0229797,-0.0298549,-0.999533,0.0065099,0.112123,0.00115388,0.000492665,-0.999999,-0.00117269,-0.215228,1.75976e-05,0.00379135,0.185783,0.982584,-0.260072,0.00399959,0.00639771,-0.15225,0.988321,0.260289,0.00403822,
3210,314,0,1,1,1,0,2,0,0,0,0,0,0,0,0,0.988815,0.149041,-0.00555246,-0.599433,0.0172828,0.991019,-0.133463,-0.00831583,0.595321,0.0171132,-0.0187513,-0.999823,0.00161776,0.113187,0.00069807,0.00167845,-0.999998,0.000935143,-0.220723,1.45612e-05,0.0093011,0.174642,0.984588,-0.260041,0.00306805,0.011207,-0.175399,0.984434,0.261451,0.00332582,
3212,39,0,1,1,1,0,2,0,0,0,0,0,0,0,0,0.979113,0.202345,-0.0198618,-0.640129,0.0167104,0.994439,-0.104746,-0.0109457,0.633505,0.0222268,-0.017883,-0.999839,0.00125197,0.0981395,0.000575829,0.00119781,-0.999998,-0.00143205,-0.213163,1.26438e-05,0.00511695,0.119517,0.992819,-0.270012,0.00366533,0.00897426,-0.177609,0.98406,0.265815,0.00377527,
3214,28,0,2,1,1,0,2,0,0,0,0,0,0,0,0,0.883279,0.468844,0.0020669,-0.535589,0.0131623,0.994966,-0.100194,0.0020014,0.621795,0.0156489,-0.0287502,-0.999583,-0.00278618,0.122308,0.000562932,-0.00110442,-0.999994,0.00341655,-0.220724,2.35152e-05,-0.00704407,0.206953,0.978326,-0.260626,0.00402466,-0.000883988,-0.147724,0.989028,0.26478,0.00288331,
3215,28,0,2,1,1,0,2,0,0,0,0,0,0,0,0,0.879291,0.476131,0.012091,-0.533191,0.0129711,0.994191,-0.107,0.0115955,0.621775,0.0159309,-0.0283758,-0.999594,-0.00271204,0.122897,0.000575119,-0.0020756,-0.999987,0.00462697,-0.219798,0.000232491,-0.0141849,0.207547,0.978122,-0.260766,0.0036982,-0.00412962,-0.136695,0.990605,0.265334,0.0045772,
3218,11,0,4,1,0,0,2,0,0,0,0,0,0,0,0,0.891264,0.453098,0.0187312,-0.502735,0.0223841,0.989445,-0.14336,-0.0211098,0.60907,0.00960964,-0.0279419,-0.999313,-0.0243456,0.126372,0.000494326,-0.000436951,-0.999998,-0.00174612,-0.234504,3.37249e-05,0.0335538,0.122735,0.991872,-0.253366,0.00191031,0.036584,-0.172326,0.98436,0.279783,0.00223847,
3220,39,0,1,1,1,0,2,0,0,0,0,0,0,0,0,0.983627,0.180025,-0.0083367,-0.634562,0.0171551,0.990179,-0.139566,0.00816011,0.635323,0.0228261,-0.00381022,-0.999992,-0.00145409,0.10377,0.00080885,0.00245324,-0.999981,-0.00568834,-0.221014,1.72331e-05,0.00311535,0.130789,0.991405,-0.267298,0.00464258,0.0144597,-0.173486,0.98473,0.264551,0.00493331,
3229,235,0,4,1,0,0,2,0,0,0,0,0,0,0,0,0.898247,0.439402,-0.0089033,-0.53178,0.0180335,0.982057,-0.188566,0.00268418,0.594782,0.0134776,-0.0302264,-0.999507,0.008442,0.112273,0.000209462,0.00194634,-0.999998,-0.000451341,-0.199838,4.97395e-05,-0.0031869,0.196711,0.980456,-0.233736,0.00235512,0.00930504,-0.191543,0.98144,0.237478,0.00238219,
3230,201,0,1,1,1,0,2,0,0,0,0,0,0,0,0,0.97761,0.210382,-0.004336,-0.637505,0.0167353,0.997213,-0.074457,0.00482063,0.63878,0.0220598,-0.0177248,-0.999842,0.00102451,0.0986304,0.000963501,0.00098554,-0.999985,-0.00540608,-0.214853,2.54639e-05,-0.0139233,0.115163,0.993249,-0.268846,0.00339769,-0.0043583,-0.18458,0.982808,0.262491,0.00423939,
3231,12,1,2,2,1,0,2,0,0,0,0,0,0,0,0,0.96749,0.252895,-0.00279293,-0.610051,0.0137849,0.981728,-0.190229,-0.00470582,0.609519,0.013323,-0.0254494,-0.999665,0.00467575,0.10834,0.000641,-0.0040839,-0.999966,0.00715446,-0.213959,1.72711e-05,-0.000773621,0.171973,0.985101,-0.249146,0.00390222,0.00204708,-0.130464,0.991451,0.253142,0.00403743,
3232,536,1,2,2,1,0,2,0,0,0,0,0,0,0,0,0.991238,0.131896,0.00716827,-0.642596,0.0264401,0.991151,-0.132583,-0.00636893,0.618221,0.0251421,-0.0264679,-0.999645,-0.00322038,0.10262,0.000718676,-0.00182272,-0.999998,-0.00109701,-0.210437,0.000169052,-0.000995641,0.159361,0.98722,-0.256371,0.00567412,0.00354757,-0.146327,0.98923,0.255315,0.00550322,
3235,15,0,1,1,1,0,2,0,0,0,0,0,0,0,0,0.978426,0.206439,0.00813624,-0.627606,0.0185501,0.994493,-0.104788,-0.0018498,0.616276,0.0177853,-0.0378046,-0.999274,-0.00477528,0.109066,0.000314609,-0.00632075,-0.999968,-0.00497738,-0.22294,0.000514358,-0.0123475,0.221831,0.975007,-0.261991,0.00375458,-0.00649006,-0.166086,0.98609,0.266865,0.00409907,
3238,1,0,4,4,1,0,2,0,0,0,0,0,0,0,0,0.99346,0.114022,0.00598356,-0.627099,0.0322519,0.991002,-0.133604,0.0080226,0.611805,0.030378,-0.0187507,-0.999811,-0.00521765,0.100343,0.000445501,0.00115154,-0.999995,-0.00294646,-0.209399,1.365e-05,-0.00132846,0.174122,0.984723,-0.260783,0.00407612,0.00220937,-0.160622,0.987014,0.261998,0.00399432,
3243,235,0,4,1,0,0,2,0,0,0,0,0,0,0,0,0.888054,0.45974,-0.000314365,-0.535969,0.0177752,0.988095,-0.153835,0.00152872,0.610499,0.0141756,-0.0397901,-0.999205,0.00242071,0.109432,0.000116895,-0.00140753,-0.999997,-0.00192428,-0.205061,1.40602e-05,-0.00187446,0.190834,0.98162,-0.238566,0.00194721,0.000430749,-0.18665,0.982426,0.238432,0.00205164,
3246,163,0,1,1,1,0,2,0,0,0,0,0,0,0,0,0.809366,0.587301,0.00209236,-0.462334,0.00727977,0.977492,-0.210817,0.00806941,0.601904,0.0148005,-0.0281975,-0.999582,0.00640123,0.109375,0.000169155,-0.00125725,-0.999944,0.0104732,-0.202535,1.89387e-05,-0.00973205,0.229081,0.973359,-0.257519,0.00262017,-0.00474024,-0.191307,0.981519,0.256552,0.00235108,
3247,14,0,1,1,1,0,2,0,0,0,0,0,0,0,0,0.97973,0.200235,-0.00591684,-0.628453,0.0172694,0.979726,-0.200021,0.0113485,0.615794,0.0243449,-0.0175303,-0.999845,0.00180176,0.104199,0.000536649,0.00132469,-0.999999,-0.000840389,-0.210163,2.63802e-05,-0.00706295,0.146547,0.989178,-0.265528,0.00305596,0.000907781,-0.0963007,0.995352,0.268541,0.00455178,
3248,12,1,2,2,1,0,2,0,0,0,0,0,0,0,0,0.967969,0.251069,0.000432502,-0.600011,0.0134488,0.975115,-0.221489,0.00971012,0.591559,0.0130739,-0.0180846,-0.99982,0.00575127,0.107477,0.000677486,0.000731281,-0.999999,0.00090167,-0.203846,4.68752e-05,-0.00426751,0.157815,0.98746,-0.245243,0.00376664,0.00470893,-0.154686,0.987952,0.248412,0.00399351,
3249,200,0,1,1,1,0,2,0,0,0,0,0,0,0,0,0.88773,0.460234,0.0110007,-0.546343,0.0127164,0.988435,-0.150038,0.0220212,0.610172,0.0198514,-0.0295985,-0.999562,-0.000135407,0.105679,0.000697065,-0.00110229,-0.999997,-0.00210628,-0.20388,0.000381469,-0.0174325,0.208005,0.977972,-0.256561,0.00492046,-0.0114221,-0.209248,0.977796,0.254898,0.00505012,
3250,118,2,2,1,0,0,2,0,0,0,0,0,0,0,0,0.91693,0.396055,-0.0487925,-0.537464,0.00747156,0.974734,-0.216443,0.0551928,0.607141,0.0126472,-0.0131118,-0.999869,0.00947423,0.109117,0.000360449,0.00196711,-0.999998,-0.000860622,-0.208167,0.000121016,-0.0653602,0.216453,0.974103,-0.243231,0.00280021,0.0243739,-0.196956,0.980109,0.247319,0.00507419,
3251,591,0,2,1,0,0,2,0,0,0,0,0,0,0,0,0.852984,0.521938,0.000328545,-0.479777,0.0247228,0.987977,-0.154587,0.00191646,0.576833,0.023484,-0.0331403,-0.999312,0.0166433,0.162138,0.000748849,0.00166827,-0.999963,-0.00848704,-0.243313,4.61187e-05,0.00896208,0.209882,0.977686,-0.244136,0.00429586,-0.00788506,-0.20026,0.979711,0.252104,0.0037818,
3257,17,0,1,1,1,0,2,0,0,0,0,0,0,0,0,0.970025,0.242974,-0.0037711,-0.619509,0.018133,0.991495,-0.130108,-0.00312984,0.611199,0.0187908,-0.0442552,-0.998994,0.00719651,0.100825,0.000493051,-0.00509352,-0.99993,0.0106356,-0.207254,2.47501e-05,-0.00244229,0.266702,0.963776,-0.258054,0.00338715,-0.00134413,-0.173924,0.984758,0.266029,0.00337541,
3260,201,0,1,1,1,0,2,0,0,0,0,0,0,0,0,0.977209,0.211851,-0.0134592,-0.637707,0.0167922,0.994848,-0.101245,0.00510537,0.637077,0.0229943,-0.0150987,-0.999814,0.0120372,0.0991316,0.000985358,0.00419404,-0.999927,0.0113634,-0.214572,2.59264e-05,-0.0114074,0.142487,0.989731,-0.265518,0.00382468,-0.000493705,-0.179738,0.983714,0.260942,0.00407906,
3266,15,0,1,1,1,0,2,0,0,0,0,0,0,0,0,0.970127,0.242597,0.00114815,-0.605677,0.0173491,0.9969,-0.0785282,-0.00478463,0.608166,0.0186633,-0.0304751,-0.999533,-0.00215697,0.107067,0.000323047,0.000709486,-0.999997,-0.00228971,-0.215696,1.36196e-05,0.00578858,0.174704,0.984604,-0.262811,0.0034471,0.00452335,-0.217433,0.976065,0.257437,0.00330002,
3268,14,0,1,1,1,0,2,0,0,0,0,0,0,0,0,0.974204,0.225567,0.00686076,-0.624092,0.0283844,0.988446,-0.150725,-0.0159922,0.64161,0.0371155,-0.0124211,-0.999897,-0.00714833,0.100355,0.00074003,-0.00118902,-0.999988,-0.00481552,-0.21719,3.04862e-05,0.00228372,0.145535,0.98935,-0.256197,0.00531763,0.0225807,-0.163872,0.986223,0.274291,0.00501214,
3270,201,0,1,1,1,0,2,0,0,0,0,0,0,0,0,0.980974,0.193938,-0.00881491,-0.645377,0.0179885,0.994027,-0.109065,0.00394202,0.639244,0.0229459,-0.0122151,-0.999921,-0.00287411,0.0957453,0.000542063,0.00445015,-0.999965,-0.00706244,-0.210757,2.93737e-05,-0.0160066,0.111722,0.993611,-0.268593,0.00324004,-0.00206007,-0.183685,0.982983,0.265473,0.00392,
3272,200,0,1,1,1,0,2,0,0,0,0,0,0,0,0,0.894491,0.447003,-0.00861523,-0.545954,0.0120378,0.986824,-0.161514,-0.00952704,0.613089,0.0169277,-0.027202,-0.999615,-0.00551266,0.106058,0.00062251,-0.000242753,-1,0.000127798,-0.207748,1.34898e-05,-0.000245194,0.195908,0.980622,-0.256164,0.00294283,-0.0014263,-0.21286,0.977082,0.258606,0.00286945,
3273,580,1,2,2,1,0,2,0,0,0,0,0,0,0,0,0.991944,0.126428,-0.00791513,-0.640703,0.026968,0.990818,-0.135025,-0.00690104,0.625775,0.0260296,-0.0235371,-0.999721,-0.00191567,0.0980766,0.000511482,0.00145217,-0.999979,-0.00628452,-0.210155,5.8029e-05,-0.00220462,0.178485,0.98394,-0.251955,0.00624218,0.0033597,-0.181755,0.983338,0.252674,0.00603844,
3280,29,0,1,1,0,0,2,0,0,0,0,0,0,0,0,0.788998,0.614379,0.0044916,-0.458616,0.00868107,0.990933,-0.134346,-0.00192284,0.612591,0.0187965,-0.0271137,-0.99962,0.00490398,0.111572,0.000241073,-0.000224643,-0.999998,-0.00215346,-0.203033,1.57224e-05,0.00570673,0.14757,0.989035,-0.252008,0.00266882,0.00478885,-0.163764,0.986488,0.247465,0.00251721,
3282,9,0,2,1,0,0,2,0,0,0,0,0,0,0,0,0.895367,0.445318,0.00304392,-0.535724,0.0169436,0.985863,-0.167551,-0.000283973,0.605197,0.0118583,-0.0342693,-0.999401,0.00474213,0.109678,0.000296763,0.00166607,-0.999994,0.00301185,-0.207608,1.36358e-05,-0.00794895,0.187587,0.982216,-0.250514,0.00185614,-0.0044835,-0.163279,0.98657,0.25313,0.0016646,
3283,32,0,2,1,1,0,2,0,0,0,0,0,0,0,0,0.870143,0.491994,-0.0281621,-0.498821,0.0323341,0.983563,-0.180561,0.00154967,0.588438,0.0382722,-0.0200037,-0.999759,0.00904304,0.128285,0.000725239,-0.00217168,-0.999994,-0.00268622,-0.230064,0.000389079,0.0105897,0.0799328,0.996744,-0.2683,0.00189448,0.00272879,-0.0688265,0.997625,0.271102,0.00202007,
3286,41,0,1,1,1,0,1,0,0,0,0,0,0,0,0,0.967298,0.253553,0.00667796,-0.568175,0.0088473,0.989984,-0.140535,0.013459,0.581696,0.010454,-0.0173521,-0.999845,-0.00284988,0.115873,0.000306591,0.003057,-0.999934,-0.0110486,-0.226541,0.00015788,-0.0221605,0.161003,0.986705,-0.254435,0.00256367,-0.0145556,-0.222253,0.97488,0.248382,0.00295736,
3290,46,0,4,1,0,0,2,0,0,0,0,0,0,0,0,0.8721,0.489201,0.011158,-0.500836,0.0207633,0.983149,-0.182178,-0.0151216,0.598055,0.018297,-0.027189,-0.999591,-0.00884491,0.127891,0.00035801,0.00205006,-0.999926,-0.0120119,-0.231804,3.04516e-05,0.0197256,0.136498,0.990444,-0.255479,0.00339659,0.0155423,-0.202181,0.979225,0.267747,0.00367541,
3292,18,0,4,1,0,0,2,0,0,0,0,0,0,0,0,0.842272,0.539046,-0.00257352,-0.463544,0.0209217,0.988357,-0.152146,-0.0011429,0.571491,0.0179646,-0.0431591,-0.999005,0.0112203,0.159476,0.000648448,-0.00398681,-0.999936,0.0105472,-0.237475,0.000156023,0.00621867,0.238195,0.971197,-0.240034,0.00361129,-0.0146053,-0.203092,0.979051,0.241997,0.00399957,
3295,431,0,1,1,1,0,2,0,0,0,0,0,0,0,0,0.992282,0.123392,0.0123092,-0.627172,0.0308343,0.984195,-0.177077,0.00185386,0.599513,0.0315819,-0.0307761,-0.999498,0.00758712,0.103522,0.000497955,-0.004408,-0.99995,0.00896922,-0.206949,0.00056837,-0.00600753,0.158842,0.987286,-0.257082,0.00604641,0.00447704,-0.156252,0.987707,0.261882,0.0046344,
3296,79,2,2,2,0,0,2,0,0,0,0,0,0,0,0,0.901473,0.432421,-0.0189304,-0.525636,0.00948569,0.984818,-0.172357,-0.0206638,0.610616,0.00754231,-0.0232578,-0.999711,0.00610585,0.110299,0.000159563,-0.00226752,-0.999957,0.0089886,-0.205076,3.64085e-05,0.0192336,0.165476,0.986026,-0.236437,0.00128038,0.065387,-0.202552,0.977086,0.230314,0.00273937,
3298,235,0,4,1,0,0,2,0,0,0,0,0,0,0,0,0.888412,0.459032,-0.00376081,-0.545227,0.0186152,0.989374,-0.145391,0.000393455,0.612248,0.0137328,-0.0349439,-0.999344,0.00951378,0.111626,0.000203194,-0.00218125,-0.999976,0.00664662,-0.203244,1.69046e-05,0.00423524,0.230964,0.972953,-0.237037,0.00199766,-0.00561662,-0.16128,0.986893,0.244863,0.00166722,
3301,200,0,1,1,1,0,2,0,0,0,0,0,0,0,0,0.90425,0.426995,0.00266821,-0.553547,0.0125282,0.982022,-0.188759,0.00154565,0.615785,0.0165972,-0.0199536,-0.999797,0.00263638,0.108235,0.00064618,-0.00211955,-0.999997,0.00096028,-0.2057,1.56422e-05,-0.00424871,0.193173,0.981155,-0.259308,0.00220356,-0.00474851,-0.211521,0.977362,0.256051,0.00221847,
3302,56,0,1,1,1,0,2,0,0,0,0,0,0,0,0,0.989981,0.141185,0.00219176,-0.658621,0.0181785,0.990559,-0.136897,0.00720411,0.629581,0.0169595,-0.0262175,-0.999656,0.000397997,0.111921,0.000225058,-0.00101533,-0.999999,-0.00123286,-0.22492,8.88667e-06,-0.00613716,0.168493,0.985684,-0.263531,0.00355892,-0.00469642,-0.178298,0.983965,0.264574,0.00389883,
3304,11,0,4,1,0,0,2,0,0,0,0,0,0,0,0,0.904854,0.42567,-0.00664152,-0.534289,0.0184013,0.988009,-0.154398,-0.000412787,0.610689,0.0107304,-0.0299901,-0.999549,-0.00160583,0.134648,0.000245349,-0.00447213,-0.999975,0.00552501,-0.236717,2.47025e-05,0.0113659,0.137357,0.990456,-0.271521,0.00169366,0.0129059,-0.150401,0.988541,0.266577,0.00190545,
3306,236,0,1,1,0,0,2,0,0,0,0,0,0,0,0,0.992492,0.122241,-0.00418118,-0.65959,0.0160586,0.99134,-0.130909,0.0104257,0.636624,0.0192657,-0.0208502,-0.999778,-0.00302531,0.110319,0.00051083,0.000241798,-0.999999,-0.00167052,-0.224462,2.51432e-05,-0.00212658,0.196567,0.980488,-0.260877,0.00339856,0.00373771,-0.183746,0.982967,0.25982,0.00366563,
3307,378,0,1,1,1,0,2,0,0,0,0,0,0,0,0,0.932311,0.361428,0.0128833,-0.597883,0.0118503,0.990253,-0.138966,0.0093081,0.607681,0.0227958,-0.0359167,-0.99935,-0.00308091,0.0826459,0.000202834,0.00346381,-0.999966,-0.00753627,-0.189185,0.000123733,-0.0139703,0.21082,0.977425,-0.259641,0.00332521,0.00526251,-0.233002,0.972462,0.258193,0.00470057,
3308,201,0,1,1,1,0,2,0,0,0,0,0,0,0,0,0.979904,0.198949,-0.0143811,-0.644204,0.0170354,0.992698,-0.119845,-0.0136947,0.635824,0.0213841,-0.0257567,-0.999653,0.00559315,0.0982393,0.000597189,-0.00222121,-0.999955,0.00925559,-0.212347,1.28156e-05,-0.00039385,0.155219,0.98788,-0.26631,0.00371947,0.0109784,-0.114113,0.993407,0.26827,0.00373141,
3309,143,0,4,4,1,0,2,0,0,0,0,0,0,0,0,0.994459,0.104267,0.0134299,-0.635573,0.0581101,0.994696,-0.102685,0.00604839,0.630739,0.037149,-0.0162834,-0.999865,0.00206101,0.110409,0.000460187,0.000105031,-0.999991,0.00419353,-0.221826,1.34088e-05,0.0166606,0.118034,0.99287,-0.259162,0.00659174,0.0201189,-0.183163,0.982877,0.264346,0.00704397,
3310,53,2,2,1,0,0,2,0,0,0,0,0,0,0,0,0.896608,0.442779,0.00634954,-0.544671,0.00798526,0.987665,-0.156321,0.0089762,0.635935,0.00909168,-0.0344165,-0.9994,0.00388102,0.113226,0.00022701,0.000481463,-1,-0.000497442,-0.201183,1.28197e-05,-0.00912236,0.246456,0.969111,-0.238599,0.00174145,0.0556718,-0.204915,0.977195,0.244835,0.00424503,
3311,329,0,4,4,1,0,2,0,0,0,0,0,0,0,0,0.993965,0.109554,-0.00562107,-0.633295,0.0324562,0.992502,-0.122025,0.00709716,0.620375,0.031454,-0.0135813,-0.999881,0.00729792,0.103339,0.000608016,0.00207593,-0.999991,0.00358936,-0.208932,6.77314e-06,-0.00494921,0.170295,0.985381,-0.259788,0.00405397,-0.00106509,-0.197913,0.980219,0.262198,0.00419814,
3312,138,0,1,1,1,0,2,0,0,0,0,0,0,0,0,0.987068,0.160097,0.00813319,-0.665861,0.0176915,0.992462,-0.122531,0.00251147,0.635133,0.0175759,-0.0250724,-0.999677,0.00412876,0.113984,0.000211573,0.000616994,-0.999999,0.00154066,-0.223116,1.7615e-05,-0.00831563,0.168905,0.985597,-0.267739,0.00387386,-0.000498153,-0.166101,0.986109,0.260294,0.00547092,
3313,438,0,1,1,1,0,2,0,0,0,0,0,0,0,0,0.95595,0.293455,0.00661812,-0.605253,0.0137927,0.990071,-0.138317,0.0250411,0.606547,0.0209117,-0.0279184,-0.999592,-0.00611195,0.0929511,0.000255833,0.00214243,-0.999904,-0.013693,-0.209273,4.87038e-05,-0.0305001,0.171419,0.984726,-0.263991,0.00468688,-0.00502396,-0.233597,0.972321,0.256901,0.00563176,
3314,483,0,4,1,0,0,2,0,0,0,0,0,0,0,0,0.8801,0.474753,-0.00579903,-0.475205,0.0177346,0.992381,-0.122502,-0.0131507,0.590098,0.00748636,-0.0334406,-0.99944,0.00104091,0.161374,0.000322181,0.00203711,-0.99999,0.00404161,-0.236109,0.000101099,-0.000903351,0.144949,0.989439,-0.256704,0.00298328,0.0371577,-0.135304,0.990107,0.260753,0.00285759,
3316,282,0,1,1,1,0,2,0,0,0,0,0,0,0,0,0.957652,0.287928,0.000770136,-0.619755,0.0137282,0.987591,-0.156998,-0.0038464,0.62776,0.0226165,-0.0336514,-0.999425,0.00424567,0.0950545,0.000223741,-0.00158649,-0.999987,-0.00476721,-0.206628,1.89049e-05,-0.0209306,0.195496,0.980481,-0.258134,0.00393244,-0.00341585,-0.224801,0.974399,0.256914,0.0043818,
3318,598,0,4,4,1,0,2,0,0,0,0,0,0,0,0,0.818204,0.57475,-0.0142818,-0.45441,0.0153622,0.967814,-0.251571,-0.00692203,0.583361,0.053433,-0.0396837,-0.999086,0.0158724,0.11203,0.000518703,0.00508325,-0.99987,0.0153139,-0.200649,0.000206491,-0.023018,0.178517,0.983667,-0.245525,0.00837182,0.0224768,-0.173075,0.984652,0.250294,0.00840625,
3329,421,0,1,1,1,0,2,0,0,0,0,0,0,0,0,0.953287,0.302065,0.00119339,-0.615746,0.0189169,0.984458,-0.175447,0.00786607,0.615855,0.0177953,-0.0265877,-0.999643,-0.00254625,0.100218,0.000194943,0.00507757,-0.999935,-0.0102136,-0.205907,2.56593e-05,-0.004183,0.185407,0.982653,-0.25943,0.00239865,-0.00709336,-0.188108,0.982123,0.261088,0.00307554,
3330,138,0,1,1,1,0,2,0,0,0,0,0,0,0,0,0.993757,0.111034,-0.0108963,-0.662867,0.0181322,0.985243,-0.171162,0.000576324,0.642013,0.0171027,-0.0169928,-0.999849,-0.00353424,0.110463,0.000355156,0.000912366,-0.999992,-0.00386156,-0.225446,1.42431e-05,0.000297768,0.164559,0.986367,-0.263493,0.00314349,0.00575569,-0.191823,0.981413,0.261558,0.00334772,
3332,138,0,1,1,1,0,2,0,0,0,0,0,0,0,0,-0.698555,-0.71079,-0.0824586,0.149004,0.0326959,-0.1823,-0.958215,0.220434,-0.245302,0.0178805,0.00131657,-0.999943,-0.0105503,0.0125002,3.77083e-05,0.011445,-0.999327,0.0348523,-0.0254861,0.00027764,-0.19608,-0.967483,0.159781,-0.234122,0.00754666,0.0365366,-0.988958,0.143618,0.0885343,0.0114295,
3333,96,0,4,4,1,0,2,0,0,0,0,0,0,0,0,0.99922,0.0381664,-0.0101002,-0.644531,0.0335092,0.998697,-0.0509676,-0.00257446,0.634536,0.0329578,-0.0167299,-0.99986,0.000179883,0.0994561,0.000154473,0.00112115,-0.999986,-0.00520751,-0.220252,9.67552e-06,0.00279539,0.0623356,0.998051,-0.278095,0.0050612,0.00758667,-0.140282,0.990082,0.274915,0.00512928,
3334,387,0,1,1,1,0,2,0,0,0,0,0,0,0,0,0.975138,0.221569,0.00375328,-0.624215,0.0177715,0.99296,-0.118445,-0.00134782,0.61986,0.0227417,-0.0268991,-0.999594,-0.009426,0.0961418,0.000774994,-0.00374442,-0.999959,-0.00820653,-0.208769,1.75722e-05,-0.00973394,0.143967,0.989535,-0.261813,0.00427618,-0.000175663,-0.157776,0.987475,0.264829,0.00477134,
3336,424,0,1,1,0,0,2,0,0,0,0,0,0,0,0,0.858589,0.512526,-0.011916,-0.522308,0.0023828,0.983716,-0.178611,-0.0200219,0.626593,0.00378469,-0.0212679,-0.999771,-0.00253734,0.113156,0.000205264,0.000960915,-0.999979,-0.00638795,-0.21104,1.63457e-05,0.0133723,0.21702,0.976076,-0.251011,0.00167458,0.0156286,-0.220357,0.975294,0.254847,0.00185307,
3338,526,0,1,1,1,0,2,0,0,0,0,0,0,0,0,0.98381,-0.033385,0.176076,-0.653916,0.0112234,0.960978,0.011118,0.276402,0.810545,0.004199,-0.173449,-0.69421,0.698561,0.314146,0.0720641,-0.365135,-0.142456,0.91999,-0.00820811,0.0900527,0.149536,-0.923461,-0.353354,-0.187299,0.0422136,-0.242029,-0.00419562,0.97026,0.19543,0.00337656,
3339,592,0,1,1,1,0,2,0,0,0,0,0,0,0,0,0.969662,0.244415,0.00408094,-0.620343,0.0175112,0.9934,-0.114431,0.00781973,0.618103,0.0191904,-0.02787,-0.999611,0.000874413,0.109035,0.000451999,0.000912178,-0.999986,-0.0051834,-0.218857,2.09963e-05,-0.019507,0.197557,0.980097,-0.259535,0.00512849,-0.00492191,-0.23231,0.972629,0.258615,0.00571783,
3340,15,0,1,1,1,0,2,0,0,0,0,0,0,0,0,0.972794,0.23167,0.000579551,-0.624411,0.0180488,0.997427,-0.0707935,0.011296,0.625139,0.0179956,-0.0294645,-0.999462,-0.0143812,0.109895,0.000337622,0.00244177,-0.999914,-0.0128594,-0.22546,2.39683e-05,-0.0163543,0.139517,0.990085,-0.271824,0.00288269,-0.0172904,-0.224235,0.974382,0.261952,0.00307827,
3341,12,1,2,2,1,0,2,0,0,0,0,0,0,0,0,0.954389,0.298401,0.00992405,-0.605688,0.0139081,0.974713,-0.222749,0.0178043,0.59718,0.0142407,-0.0290764,-0.999495,0.0127877,0.101938,0.000636398,-0.00788017,-0.999919,0.00995775,-0.208786,0.000319479,-0.0201882,0.179595,0.983534,-0.247476,0.00549935,-0.006917,-0.161628,0.986827,0.247942,0.00664837,
3343,39,0,1,1,1,0,2,0,0,0,0,0,0,0,0,0.980792,0.194759,-0.0107778,-0.63358,0.0187306,0.996171,-0.0874033,-0.00211711,0.635945,0.0216417,-0.0169596,-0.999856,-2.83749e-05,0.102715,0.000617169,0.00147688,-0.999999,-0.000488351,-0.211206,1.30062e-05,-0.000422458,0.0966625,0.995317,-0.269507,0.00295187,0.00187567,-0.109782,0.993954,0.270239,0.0028178,
3344,387,0,1,1,1,0,2,0,0,0,0,0,0,0,0,0.976117,0.21707,-0.00869412,-0.636492,0.0174112,0.98848,-0.151197,0.00676799,0.633247,0.0237782,-0.0156162,-0.999869,0.00436245,0.0962423,0.000724232,4.83586e-05,-0.999998,0.00183381,-0.210146,1.77391e-05,-0.0102841,0.142454,0.989748,-0.266052,0.00433128,0.00466364,-0.167684,0.98583,0.262452,0.00451272,
3345,592,0,1,1,1,0,2,0,0,0,0,0,0,0,0,0.97306,0.230523,-0.00364357,-0.62427,0.0182251,0.994207,-0.107471,-0.00171898,0.620154,0.018472,-0.0261369,-0.999657,0.0016804,0.107481,0.000343372,-0.00405376,-0.99999,-0.00172616,-0.219442,0.000547042,-0.00292256,0.18855,0.982059,-0.260806,0.00569437,0.0135706,-0.201406,0.979414,0.26366,0.00595275,
3347,592,0,1,1,1,0,2,0,0,0,0,0,0,0,0,0.975719,0.219001,0.00322424,-0.627431,0.0185051,0.989584,-0.143943,0.00176969,0.623774,0.0189838,-0.0274283,-0.999605,0.00613697,0.10701,0.000388574,-0.00143631,-0.999998,0.00116472,-0.222522,1.27399e-05,-0.0113905,0.206195,0.978445,-0.261525,0.00521494,0.00089508,-0.211334,0.977413,0.262232,0.00502419,
3348,387,0,1,1,1,0,2,0,0,0,0,0,0,0,0,0.979496,0.201451,-0.00216754,-0.642848,0.0178617,0.986595,-0.162806,0.0111654,0.635729,0.0232726,-0.0196312,-0.99977,0.00858909,0.0943728,0.000923197,-0.00152291,-0.999986,0.00514002,-0.213471,2.02441e-05,-0.0163971,0.147918,0.988864,-0.266565,0.00430719,-0.00368628,-0.188118,0.98214,0.257838,0.00507534,
3349,17,0,1,1,1,0,2,0,0,0,0,0,0,0,0,0.95984,0.279627,0.0227012,-0.615244,0.0176869,0.99492,-0.100252,0.00913847,0.618585,0.0186162,-0.0359604,-0.999312,-0.00907594,0.0990469,0.000433941,0.00356225,-0.999984,-0.00437089,-0.207737,3.63249e-05,-0.0203878,0.236726,0.971362,-0.260811,0.00326839,-0.018181,-0.19047,0.981525,0.264883,0.00319164,
3350,511,0,1,1,1,0,2,0,0,0,0,0,0,0,0,0.944618,0.328135,0.00482918,-0.589704,0.0142947,0.997574,-0.069429,0.00502852,0.6276,0.0202044,-0.0361351,-0.999337,-0.00439266,0.104302,0.000288468,0.00318712,-0.999984,-0.00457699,-0.205562,0.000104061,-0.0108758,0.191362,0.981459,-0.27248,0.00252467,0.00259691,-0.174352,0.98468,0.262623,0.00279622,
3351,138,0,1,1,1,0,2,0,0,0,0,0,0,0,0,0.991762,0.128069,0.00263679,-0.650984,0.0171816,0.98923,-0.146361,0.00150588,0.630916,0.0170483,-0.0177232,-0.999836,0.00380702,0.111171,0.000372624,0.000374129,-1,-0.000280425,-0.222281,1.02686e-05,-0.00112745,0.189543,0.981872,-0.256914,0.00377021,0.00129332,-0.214809,0.976655,0.259378,0.00369037,
3353,100,1,4,4,1,0,2,0,0,0,0,0,0,0,0,0.996622,0.0820459,-0.00371203,-0.639881,0.0429284,0.996403,-0.0845721,-0.00537652,0.620753,0.0347051,-0.017206,-0.999852,-0.000395366,0.108365,0.000401861,-0.000130622,-0.999983,-0.00585044,-0.219105,0.000296089,0.00175346,0.107529,0.994201,-0.261395,0.00794853,0.0185544,-0.144804,0.989286,0.258772,0.00852477,
3356,592,0,1,1,1,0,2,0,0,0,0,0,0,0,0,0.972017,0.234869,0.00432915,-0.615969,0.0177808,0.993758,-0.111261,-0.00812095,0.609263,0.0192867,-0.0312518,-0.999466,0.0095336,0.110725,0.000437267,-0.000808078,-0.999998,0.00169078,-0.21582,1.59979e-05,-0.00666117,0.1965,0.980481,-0.26281,0.00400597,-0.00339727,-0.230036,0.973176,0.261643,0.00459315,
3358,15,0,1,1,1,0,2,0,0,0,0,0,0,0,0,0.977585,0.21052,-0.00313374,-0.615101,0.0184345,0.993019,-0.117812,-0.00574426,0.608796,0.0183403,-0.0389987,-0.999231,0.00403343,0.105979,0.000330446,-0.00475482,-0.999981,0.00381547,-0.215672,3.1662e-05,-0.00206021,0.250917,0.968007,-0.256214,0.00376674,0.00920971,-0.167705,0.985794,0.259504,0.00342606,
3359,621,0,4,4,1,0,2,0,0,0,0,0,0,0,0,0.970228,0.242174,0.00311362,-0.594176,0.0270684,0.991208,-0.132303,0.00139212,0.605339,0.0341239,-0.0320801,-0.999485,0.000188337,0.104817,0.000491358,-0.00271352,-0.999956,0.00896433,-0.208094,2.37877e-05,-0.00836884,0.208114,0.978069,-0.253825,0.00487709,0.00318429,-0.159208,0.98724,0.256783,0.00443202,
3363,496,0,1,1,1,0,2,0,0,0,0,0,0,0,0,0.981344,0.190684,-0.0245604,-0.60934,0.0368761,0.992798,-0.102742,0.0616102,0.619509,0.0284101,-0.0365061,-0.999298,0.00836579,0.112278,0.000609553,-0.00129205,-0.999999,0.000495963,-0.219458,0.00036534,-0.0623461,0.24658,0.967115,-0.292785,0.00479289,-0.0605358,-0.114971,0.991523,0.237243,0.00488202,
3364,12,1,2,2,1,0,2,0,0,0,0,0,0,0,0,0.962708,0.269838,0.0195218,-0.611036,0.0146456,0.984454,-0.175634,0.00166258,0.615215,0.0138026,-0.015654,-0.999861,-0.00571213,0.102807,0.00057014,0.00490836,-0.999969,-0.00617602,-0.208859,2.45714e-05,-0.00986068,0.143693,0.989573,-0.252519,0.00354709,-0.0067459,-0.146947,0.989121,0.25347,0.00343766,
3365,410,1,1,1,1,0,2,0,0,0,0,0,0,0,0,0.986875,0.161431,0.00417089,-0.62812,0.0275326,0.991754,-0.128136,-0.00207205,0.614142,0.0251693,-0.0261315,-0.999652,0.00349252,0.0974047,0.000480342,-0.00241847,-0.999988,0.00436921,-0.20822,1.47522e-05,0.00123344,0.156754,0.987637,-0.255629,0.00508857,0.000872927,-0.154388,0.98801,0.255404,0.00594038,
3366,12,1,2,2,1,0,2,0,0,0,0,0,0,0,0,0.965951,0.258696,0.00393359,-0.613454,0.0142695,0.982831,-0.184437,-0.00505308,0.60903,0.0140204,-0.0249965,-0.999677,-0.00468199,0.106012,0.000615669,-0.00237484,-0.999984,0.00509316,-0.209896,2.03734e-05,-0.00702228,0.177756,0.98405,-0.247564,0.00414979,-0.00458711,-0.123584,0.992323,0.252472,0.00391731,
3369,246,0,1,1,1,0,2,0,0,0,0,0,0,0,0,0.964747,0.262545,0.018239,-0.621738,0.0172386,0.997879,-0.064942,-0.0044496,0.621166,0.0176442,-0.0377561,-0.999285,-0.0020549,0.109956,0.000317865,0.00406941,-0.999898,0.0136586,-0.222934,0.000156746,0.000746928,0.209437,0.977822,-0.263684,0.00362543,-0.00264423,-0.17374,0.984788,0.265514,0.00364301,
3371,602,0,2,1,1,0,2,0,0,0,0,0,0,0,0,0.780096,0.625638,-0.00522089,-0.441295,0.00657187,0.983738,-0.179607,6.76651e-07,0.601512,0.0253108,-0.02606,-0.999657,-0.00276345,0.104139,0.000476217,-0.000476345,-1,-0.000326311,-0.188682,8.87988e-05,-0.00621832,0.136101,0.990675,-0.268085,0.00314218,0.0123077,-0.162233,0.986676,0.266268,0.00274832,
3382,39,0,1,1,1,0,2,0,0,0,0,0,0,0,0,0.978695,0.205261,-0.00485843,-0.640067,0.0167562,0.994849,-0.101348,0.00223336,0.635544,0.0215935,-0.0249112,-0.999623,0.0115089,0.0971177,0.000614732,-0.00504033,-0.999949,0.00873775,-0.212614,2.31006e-05,-0.000394963,0.113164,0.993576,-0.269375,0.00285249,0.00109367,-0.146048,0.989277,0.267406,0.00297967,
3383,55,2,2,1,0,0,2,0,0,0,0,0,0,0,0,0.787702,0.615417,0.0280733,-0.451591,0.00888075,0.981773,-0.189455,0.015122,0.615771,0.0111211,-0.0339664,-0.99942,-0.00262178,0.109877,0.000158851,0.00258097,-0.999976,-0.00650638,-0.201735,1.95398e-05,-0.0354951,0.232201,0.97202,-0.240388,0.00356836,0.0293062,-0.17784,0.983623,0.248887,0.00280423,
3385,393,1,2,2,1,0,2,0,0,0,0,0,0,0,0,0.95697,0.289686,0.0170496,-0.596272,0.0198368,0.978487,-0.205073,0.0225682,0.589313,0.026635,-0.0214423,-0.99975,-0.00626153,0.102733,0.000826724,0.00323623,-0.999994,-0.000997239,-0.210812,1.65652e-05,-0.0246483,0.226758,0.973639,-0.246199,0.00592752,-0.0168017,-0.181139,0.983314,0.241231,0.00668961,
3386,2,0,1,1,0,0,2,0,0,0,0,0,0,0,0,0.818527,0.574453,-0.00414197,-0.468304,0.00691814,0.994306,-0.106559,-0.000419966,0.606181,0.0139017,-0.0139681,-0.999886,-0.00577911,0.110474,0.000138911,0.00284112,-0.999995,-0.00155425,-0.202044,1.77007e-05,-0.00566319,0.198282,0.980129,-0.257281,0.00315685,0.00516109,-0.254384,0.96709,0.254205,0.00279934,
3389,12,1,2,2,1,0,2,0,0,0,0,0,0,0,0,0.972277,0.233749,0.00619629,-0.611901,0.0127109,0.981196,-0.192973,0.00384136,0.602922,0.0150094,-0.0192653,-0.999786,-0.00758819,0.104171,0.00060608,-0.0017881,-0.999988,-0.00463692,-0.210427,3.0126e-05,-0.0142936,0.155238,0.987774,-0.25091,0.00433563,-0.00420209,-0.190215,0.981733,0.248665,0.00445493,
3393,397,2,2,2,0,0,2,0,0,0,0,0,0,0,0,0.888146,0.459068,0.0212792,-0.505788,0.00229573,0.977563,-0.21004,0.0159239,0.607798,0.00303041,-0.0361509,-0.999103,-0.0220383,0.136388,0.000329898,-0.0142743,-0.999733,-0.0181662,-0.225997,0.000284198,-0.063389,0.156945,0.985571,-0.27128,0.00101042,0.0428998,-0.231123,0.971978,0.266672,0.00153025,
3394,589,0,4,4,1,0,2,0,0,0,0,0,0,0,0,0.999712,0.0233646,-0.00555375,-0.639489,0.0325861,0.998581,-0.0524389,0.00925436,0.61902,0.0334221,-0.0174739,-0.999831,0.0056586,0.112654,0.000197535,-0.0019337,-0.999984,0.00533986,-0.228531,2.40977e-05,0.00421447,0.0485282,0.998813,-0.278471,0.00473671,0.0109197,-0.04387,0.998978,0.277403,0.00468831,
3395,329,0,4,4,1,0,2,0,0,0,0,0,0,0,0,0.991202,0.132237,0.00556078,-0.627098,0.0323665,0.994212,-0.107403,0.00264117,0.610794,0.0320472,-0.0203216,-0.99977,-0.00686396,0.101772,0.00061866,5.21311e-05,-0.999993,-0.0036415,-0.205033,1.02631e-05,-0.00353323,0.235299,0.971917,-0.250962,0.00439099,-0.000936324,-0.189599,0.981861,0.254691,0.00483667,
3397,387,0,1,1,1,0,2,0,0,0,0,0,0,0,0,0.977235,0.212055,-0.00665798,-0.627746,0.0174432,0.998471,-0.0552822,0.000632056,0.632984,0.0224615,-0.0162836,-0.999867,-0.00121075,0.10032,0.00110964,0.00293704,-0.999978,-0.00593014,-0.208687,5.10726e-05,-0.00628901,0.111249,0.993773,-0.264613,0.00334836,-0.00353158,-0.233344,0.972388,0.255854,0.00382638,
3398,543,2,2,1,0,0,2,0,0,0,0,0,0,0,0,0.907153,0.420774,-0.00476297,-0.546378,0.00864581,0.988744,-0.149587,0.00282766,0.62629,0.00830491,-0.0304442,-0.99952,-0.00574164,0.108969,0.000236868,-0.00128009,-0.999999,0.00108647,-0.200952,1.90341e-05,-0.0574034,0.190075,0.98009,-0.240874,0.00420587,0.00570276,-0.236274,0.97167,0.241621,0.00173364,
3401,17,0,1,1,1,0,2,0,0,0,0,0,0,0,0,0.970552,0.240731,0.008838,-0.625668,0.0186644,0.992855,-0.119188,0.00583659,0.624831,0.0186416,-0.0390193,-0.999225,0.0052214,0.101401,0.00035761,-0.00470999,-0.999961,0.00754026,-0.207205,0.000101513,-0.0158165,0.251086,0.967836,-0.261832,0.00270252,-0.0159209,-0.165991,0.985999,0.266544,0.0029655,
3403,65,2,2,1,0,0,2,0,0,0,0,0,0,0,0,0.906761,0.421119,-0.0210683,-0.558544,0.00824471,0.989828,-0.141392,-0.0157683,0.624051,0.00999631,-0.0453187,-0.998966,0.00363876,0.105995,0.000126247,-0.00879865,-0.999869,0.0135936,-0.202172,7.53203e-05,-0.0385655,0.219407,0.974871,-0.242557,0.00399209,0.0167213,-0.224228,0.974393,0.240353,0.00151231,
3576,18,0,4,1,0,0,2,0,0,0,0,0,0,0,0,0.851352,0.524586,0.00289713,-0.509143,0.0217154,0.989163,-0.146824,-6.31266e-05,0.58434,0.0186041,-0.0326712,-0.999455,0.00483114,0.23424,0.00068926,0.00530901,-0.999984,-0.001842,-0.164967,3.98611e-05,0.0170065,0.244362,0.969535,-0.251325,0.0048384,0.00427896,-0.224678,0.974424,0.263389,0.00449502,
3577,9,0,2,1,0,0,2,0,0,0,0,0,0,0,0,0.895342,0.445266,0.0100285,-0.571588,0.0179237,0.983023,-0.183426,0.00457886,0.617116,0.0171451,-0.0295236,-0.99954,-0.0069346,0.172357,0.000213927,0.00102808,-0.999999,0.000439495,-0.145493,5.36476e-05,-0.00684488,0.198442,0.980089,-0.24417,0.00258228,-0.00154836,-0.194395,0.980922,0.256286,0.00266996,
3578,621,0,4,4,1,0,2,0,0,0,0,0,0,0,0,0.97256,0.232557,-0.0066415,-0.60073,0.0271391,0.985732,-0.168282,-0.0036522,0.613339,0.036093,-0.0260144,-0.999654,-0.00398424,0.154593,0.000657425,-0.00522608,-0.999985,-0.00180081,-0.154649,3.07814e-05,-0.0166452,0.159114,0.98712,-0.26413,0.00522143,0.00849461,-0.190563,0.981638,0.269019,0.00457197,
3579,592,0,1,1,1,0,2,0,0,0,0,0,0,0,0,0.974963,0.222365,0.000956464,-0.62441,0.0185153,0.995125,-0.0984172,0.0063431,0.633304,0.018139,-0.0140148,-0.999884,0.00600049,0.163833,0.000333612,0.0114764,-0.999922,0.00485146,-0.16332,9.60871e-05,-0.017232,0.179508,0.983605,-0.279522,0.00378128,-0.000423559,-0.182482,0.983209,0.266673,0.00428643,
83,363,0,1,1,1,0,2,0,0,0,0,0,0,0,0,0.98418,0.177169,-0.00126529,-0.641825,0.0180725,0.992784,-0.0962371,-0.0715418,0.634307,0.0928638,-0.0105158,-0.999889,0.0105523,0.163028,0.000599859,0.000572534,-0.999984,0.00557647,-0.17414,0.000275748,-0.0155029,0.0843882,0.996312,-0.283495,0.00358085,-0.00636749,-0.118706,0.992909,0.271158,0.00355587,
85,277,0,2,4,1,0,2,0,0,0,0,0,0,0,0,0.82411,0.566353,0.00932724,-0.502585,0.0161483,0.987672,-0.156515,-0.00262282,0.585948,0.0463094,-0.0363902,-0.999302,-0.00847371,0.172946,0.000392172,0.0028206,-0.999985,-0.00471876,-0.139187,0.000141632,-0.0271346,0.220813,0.974939,-0.259023,0.00772716,0.0158843,-0.179828,0.98357,0.254783,0.00807354,
125,329,0,4,4,1,0,2,0,0,0,0,0,0,0,0,0.998865,0.0451856,-0.015047,-0.631954,0.0298096,0.989488,-0.144379,0.00821109,0.629649,0.0315074,-0.0210314,-0.99977,-0.00409367,0.152217,0.000649979,-0.00917214,-0.99994,-0.0059216,-0.155053,1.31989e-05,-0.00298829,0.172972,0.984922,-0.26474,0.00462093,-0.00598138,-0.21886,0.975738,0.268299,0.00464392,
127,52,0,1,1,1,0,2,0,0,0,0,0,0,0,0,0.966758,0.255691,0.000449402,-0.626399,0.0179355,0.996521,-0.0824699,0.0120051,0.640699,0.0201377,-0.0153793,-0.99987,0.00482456,0.161794,0.000590557,0.0172487,-0.99982,-0.00787435,-0.155426,2.12206e-05,-0.0171614,0.174109,0.984577,-0.281107,0.00336663,-0.00313189,-0.205739,0.978602,0.267517,0.00302047,
154,329,0,4,4,1,0,2,0,0,0,0,0,0,0,0,0.991925,0.126558,-0.00821648,-0.624086,0.0414851,0.995809,-0.0910016,0.00909039,0.629539,0.0346768,-0.0242891,-0.999699,-0.00352671,0.153715,0.000694984,-0.00257525,-0.999993,-0.00253316,-0.156405,6.67876e-05,-0.00140321,0.216551,0.97627,-0.26197,0.00446708,-0.000984461,-0.177676,0.984089,0.267926,0.00485761,
162,1,0,4,4,1,0,2,0,0,0,0,0,0,0,0,0.994312,0.105996,0.0104219,-0.629612,0.0420004,0.990623,-0.136591,0.00300574,0.630549,0.0306309,-0.0251356,-0.999683,-0.00168424,0.152969,0.000492526,-0.00315228,-0.999981,-0.00534742,-0.158425,4.76678e-05,-0.00314529,0.16735,0.985893,-0.263959,0.00495174,-0.00223103,-0.176738,0.984255,0.269026,0.00469516,
197,107,0,4,1,0,0,2,0,0,0,0,0,0,0,0,0.895787,0.44448,-0.0018711,-0.566963,0.0177861,0.984959,-0.172437,-0.0109845,0.611183,0.0103407,-0.0598218,-0.998186,0.00678251,0.211307,0.000403985,-0.018247,-0.999816,0.00599169,-0.158306,2.0268e-05,0.0215025,0.191899,0.981179,-0.273956,0.00249502,0.00768582,-0.133199,0.99106,0.285796,0.0032113,
199,46,0,4,1,0,0,2,0,0,0,0,0,0,0,0,0.833761,0.55182,0.0183761,-0.530239,0.019926,0.97986,-0.199312,-0.0121869,0.608772,0.0178653,-0.06707,-0.997677,0.0119713,0.209796,0.000226215,-0.0270663,-0.999595,0.00880008,-0.155815,4.96063e-05,0.0119168,0.22984,0.973155,-0.272764,0.00403313,0.0119329,-0.155145,0.98782,0.284791,0.00398027,
218,53,2,2,1,0,0,2,0,0,0,0,0,0,0,0,0.891182,0.453168,0.020819,-0.574721,0.00794937,0.98412,-0.176881,-0.0148658,0.642345,0.00935682,-0.0356116,-0.999361,0.0030769,0.156553,0.000167166,-0.000232578,-0.999971,-0.00756238,-0.152762,0.000148475,-0.0205066,0.23194,0.972514,-0.253337,0.00237722,0.0431109,-0.194928,0.97987,0.254378,0.00519191,
232,329,0,4,4,1,0,2,0,0,0,0,0,0,0,0,0.989459,0.144767,-0.00354585,-0.637245,0.0321715,0.998154,-0.0598282,0.0104993,0.642721,0.0331838,-0.0261844,-0.999628,-0.00758506,0.151462,0.000528498,-0.00171367,-0.999994,-0.00294945,-0.158881,5.31038e-05,-0.0019324,0.190262,0.981732,-0.266461,0.0047038,-0.00489925,-0.155727,0.987788,0.272382,0.00389385,
234,83,1,1,1,1,0,2,0,0,0,0,0,0,0,0,0.99417,0.107802,-0.00238249,-0.637892,0.026881,0.990828,-0.134731,0.0103933,0.631217,0.0254873,-0.0176005,-0.999832,0.00509213,0.160155,0.000553821,0.00105281,-0.999994,0.00345367,-0.146435,2.68542e-05,-0.00781954,0.176546,0.984261,-0.26453,0.00584618,0.000670155,-0.256551,0.966531,0.257604,0.0057432,
252,511,0,1,1,1,0,2,0,0,0,0,0,0,0,0,0.939627,0.342132,0.00690114,-0.603947,0.0120678,0.997966,-0.063752,0.000206315,0.635895,0.0201265,-0.0157648,-0.999794,0.0128003,0.160692,0.000269949,0.0185369,-0.999693,0.016438,-0.144587,0.000521604,-0.0196403,0.231809,0.972563,-0.28048,0.00341482,-0.00143319,-0.147228,0.989102,0.269053,0.003728,
6676,138,0,1,1,1,0,2,0,0,0,0,0,0,0,0,0.989679,0.142359,0.0164147,-0.656271,0.0266202,0.996885,-0.0787709,-0.00395765,0.654101,0.016332,-0.0174308,-0.999848,-0.000907903,0.163715,0.00060332,0.0131667,-0.999908,0.00340802,-0.169414,1.73145e-05,-0.00685761,0.171971,0.985078,-0.27803,0.00251183,-0.0128412,-0.157549,0.987428,0.265606,0.00256439,
6684,393,1,2,2,1,0,2,0,0,0,0,0,0,0,0,0.966729,0.2544,0.0267565,-0.628922,0.0154956,0.984197,-0.176678,0.0118347,0.630335,0.0139312,-0.0210565,-0.999768,0.00455038,0.173439,0.00056217,-0.0010793,-0.999963,0.00854642,-0.137139,4.78039e-05,-0.006865,0.160777,0.986967,-0.261913,0.00387442,-0.00284964,-0.13791,0.990441,0.261743,0.00397713,
6740,410,1,1,1,1,0,2,0,0,0,0,0,0,0,0,0.98891,0.147364,0.0184683,-0.633287,0.0275627,0.994741,-0.102365,0.00350102,0.630852,0.0268979,-0.0192794,-0.999787,0.00734088,0.160031,0.000485697,0.00413094,-0.999941,0.00999531,-0.146798,3.54587e-05,-0.00619348,0.155716,0.987783,-0.268731,0.00543074,-0.00359271,-0.140173,0.99012,0.262207,0.00587253,
6752,35,0,2,1,0,0,2,0,0,0,0,0,0,0,0,0.807042,0.5904,0.01055,-0.482232,0.00750057,0.976748,-0.212893,0.0253092,0.586387,0.00952988,-0.00762429,-0.999909,-0.0111117,0.1878,0.000761511,0.00985412,-0.99995,0.00153505,-0.174649,0.000122927,-0.0182167,0.124351,0.992071,-0.259671,0.000911702,0.00606801,-0.179727,0.983698,0.270379,0.00267397,
6753,329,0,4,4,1,0,2,0,0,0,0,0,0,0,0,0.993758,0.111553,-0.000284853,-0.631443,0.0318823,0.996414,-0.0843853,0.00614138,0.6342,0.031082,-0.0253583,-0.999653,-0.00707277,0.152919,0.000562617,-0.00257393,-0.999983,-0.00530644,-0.159173,7.29261e-06,-0.00518444,0.218769,0.975763,-0.262114,0.00453122,0.00222095,-0.17669,0.984264,0.267836,0.00546154,
6759,12,1,2,2,1,0,2,0,0,0,0,0,0,0,0,0.967729,0.251991,0.00119281,-0.612793,0.0139803,0.976304,-0.216264,0.00773626,0.609636,0.0129463,-0.0188513,-0.999789,-0.00820148,0.177255,0.000636485,-0.00152516,-0.999948,-0.0101127,-0.131239,5.56016e-05,-0.00556158,0.143069,0.989697,-0.262365,0.00441237,-0.00169093,-0.188131,0.982143,0.260648,0.00411022,
6760,332,0,2,1,1,0,2,0,0,0,0,0,0,0,0,0.986555,0.163422,-0.0017723,-0.67739,0.0240529,0.995366,-0.0961576,-0.00019103,0.638852,0.0243115,-0.0329426,-0.999373,0.0129381,0.173055,0.00125096,-0.00120198,-0.999966,0.00821697,-0.140718,7.0521e-05,0.0166407,0.217612,0.975894,-0.276716,0.00301262,0.0159524,-0.149453,0.98864,0.273013,0.00365882,
6772,438,0,1,1,1,0,2,0,0,0,0,0,0,0,0,0.942194,0.33499,0.00728198,-0.604356,0.0135518,0.996394,-0.0845438,0.00713306,0.634784,0.0198946,-0.0124895,-0.999919,0.00263876,0.160972,0.000296607,0.0179726,-0.999837,-0.00144113,-0.143988,6.59796e-05,-0.017959,0.164772,0.986168,-0.280896,0.00284631,0.00158875,-0.204055,0.978958,0.268499,0.00298891,
6778,65,2,2,1,0,0,2,0,0,0,0,0,0,0,0,0.899942,0.434423,-0.0371513,-0.573361,0.00783433,0.988483,-0.148385,-0.0297248,0.635973,0.00792256,-0.0299768,-0.999523,-0.00744097,0.160621,0.00022334,0.000970525,-0.999998,-0.0016718,-0.153649,2.47845e-05,-0.01968,0.185811,0.982388,-0.2499,0.00460783,0.039168,-0.216351,0.97553,0.253002,0.00160559,
6805,511,0,1,1,1,0,2,0,0,0,0,0,0,0,0,0.94163,0.336597,-0.00588905,-0.575327,0.012751,0.997676,-0.0680582,0.00311115,0.615304,0.0198923,-0.0102488,-0.999779,0.0183583,0.16412,0.000327059,0.0272011,-0.999349,0.0236819,-0.143224,0.000155477,-0.0246278,0.219834,0.975226,-0.283867,0.00288916,0.00373466,-0.150456,0.98861,0.27226,0.00376948,
6834,15,0,1,1,1,0,2,0,0,0,0,0,0,0,0,0.974985,0.22187,0.0133738,-0.625443,0.0174401,0.997741,-0.0667,0.00805255,0.638449,0.0174473,-0.0165672,-0.99986,0.00249758,0.164042,0.000313783,0.0160546,-0.999819,0.0101732,-0.162231,0.000151065,-0.0145222,0.200457,0.979595,-0.281538,0.00372287,-0.00584073,-0.144474,0.989491,0.270454,0.00346708,
7046,270,0,1,1,1,0,2,0,0,0,0,0,0,0,0,0.984276,0.176402,0.0091465,-0.623459,0.0187445,0.993016,-0.117841,-0.00572183,0.625465,0.0170082,-0.0114058,-0.999931,0.00300799,0.162988,0.000544887,0.018407,-0.99971,0.0155163,-0.145415,7.87748e-05,-0.0121128,0.192276,0.981266,-0.277158,0.00260034,-0.00693805,-0.170334,0.985362,0.264276,0.00283865,
7087,238,0,1,1,1,0,1,0,0,0,0,0,0,0,0,0.99221,0.124555,-0.00230249,-0.599826,0.0180228,0.994087,-0.108576,0.00127354,0.586693,0.0175182,-0.0216467,-0.999446,0.025291,0.182474,0.000564422,0.00654301,-0.999562,0.0288528,-0.135892,1.51108e-05,-0.00242667,0.172803,0.984954,-0.263545,0.00211468,-0.00148145,-0.108609,0.994083,0.259064,0.00259556,
7133,384,0,4,4,1,0,2,0,0,0,0,0,0,0,0,0.998494,0.0539851,-0.00973232,-0.634064,0.0353423,0.998209,-0.0521071,-0.0293709,0.637062,0.0529896,-0.0250806,-0.999678,-0.00377104,0.162241,0.000232556,-0.00644621,-0.999952,-0.00738192,-0.186263,0.000144995,-0.0152518,0.130592,0.991319,-0.265509,0.00665848,0.00507467,-0.133143,0.991084,0.267511,0.00729583,
7180,327,0,2,1,0,0,1,0,0,0,0,0,0,0,0,0.917014,0.398474,0.0174216,-0.523633,0.0106853,0.974981,-0.22172,0.0159167,0.536619,0.00782948,-0.0575845,-0.9983,-0.00896972,0.1852,0.000429359,-0.0366816,-0.999315,-0.00480219,-0.156276,6.71531e-05,-0.0229242,0.115905,0.992996,-0.265444,0.0011321,-0.0163338,-0.170098,0.985292,0.263656,0.00153401,
7195,1,0,4,4,1,0,2,0,0,0,0,0,0,0,0,0.996812,0.0797527,-0.00241394,-0.636784,0.0318768,0.995182,-0.0980153,-0.00235371,0.636621,0.0297898,-0.0252856,-0.999672,-0.00404519,0.152366,0.000509824,-0.00370677,-0.999979,-0.00536236,-0.162694,1.83632e-05,-0.00646639,0.159171,0.98723,-0.267265,0.00482161,0.0011468,-0.213864,0.976863,0.270569,0.00525402,
7199,97,0,1,1,1,0,2,0,0,0,0,0,0,0,0,0.973725,0.227726,-0.000203443,-0.641021,0.0177182,0.993742,-0.109886,0.0200471,0.648861,0.0186825,-0.0156649,-0.999876,-0.00158399,0.161968,0.000352217,0.0101248,-0.99994,0.00415479,-0.166702,0.000132361,-0.0162153,0.162332,0.986603,-0.281541,0.00371177,-0.00544188,-0.216391,0.976292,0.267363,0.00408203,
7322,270,0,1,1,1,0,2,0,0,0,0,0,0,0,0,0.984909,0.172935,0.00686756,-0.652807,0.0191096,0.993944,-0.109814,0.00402065,0.650569,0.0178796,-0.0129572,-0.999911,0.00324548,0.159672,0.000451369,0.00944322,-0.999936,0.00618568,-0.151863,0.000156814,-0.0107657,0.213803,0.976818,-0.274449,0.00308906,-0.0115933,-0.194966,0.980742,0.261915,0.0030424,
7346,387,0,1,1,1,0,2,0,0,0,0,0,0,0,0,0.974529,0.224242,0.00276958,-0.591899,0.0187066,0.993504,-0.113759,0.00282167,0.601489,0.0340911,-0.00463336,-0.999989,4.99976e-05,0.163697,0.00117762,0.0147631,-0.999891,-0.000425761,-0.14471,3.99468e-05,-0.0205901,0.130709,0.991207,-0.279465,0.00451977,0.00393708,-0.183755,0.982964,0.264874,0.00516255,
7357,55,2,2,1,0,0,2,0,0,0,0,0,0,0,0,0.800679,0.598791,0.0190188,-0.495404,0.00930181,0.981818,-0.189756,0.00508465,0.6182,0.0111389,-0.0285913,-0.999591,-0.000494258,0.161485,0.000165689,0.00690572,-0.999964,-0.00485359,-0.150826,2.3127e-05,-0.0275546,0.196135,0.98019,-0.252682,0.00338933,0.0464613,-0.175019,0.983468,0.25611,0.00273948,
7363,11,0,4,1,0,0,2,0,0,0,0,0,0,0,0,0.904704,0.42603,-0.00299084,-0.563715,0.0189835,0.988044,-0.153872,-0.00963788,0.605894,0.0114148,-0.0501557,-0.998739,0.00233656,0.21501,0.000173632,-0.0147407,-0.999889,-0.00228859,-0.157909,2.85926e-05,0.0136576,0.170167,0.98532,-0.27296,0.00382113,0.010501,-0.13326,0.991025,0.283508,0.00338325,
7364,587,2,2,2,0,0,2,0,0,0,0,0,0,0,0,0.733224,0.674211,0.0884434,-0.478425,0.0392755,0.881441,-0.407766,0.238301,0.589677,0.0751489,-0.0379724,-0.99869,-0.0342866,0.181211,0.000545534,-0.00777332,-0.999961,0.00422398,-0.125766,6.28489e-05,-0.151029,0.26753,0.95164,-0.258637,0.00379328,-0.11339,-0.0611575,0.991666,0.263597,0.00621007,
7380,12,1,2,2,1,0,2,0,0,0,0,0,0,0,0,0.964324,0.264707,-0.00300993,-0.626592,0.0140885,0.982511,-0.18614,0.00498633,0.627904,0.0138731,-0.0209893,-0.999767,-0.00499842,0.174405,0.000586902,-0.000151781,-0.999993,0.00383116,-0.137844,2.16816e-05,-0.00684344,0.16099,0.986932,-0.260865,0.00409242,-0.00421917,-0.132518,0.991172,0.260211,0.00391357,
7387,589,0,4,4,1,0,2,0,0,0,0,0,0,0,0,0.99474,0.0707106,0.0741142,-0.63218,0.0796512,0.989492,-0.136714,-0.0470611,0.631411,0.0785435,-0.0238208,-0.999709,0.00372407,0.153513,0.000179138,-0.00767453,-0.999939,0.00789591,-0.185377,6.20451e-05,-0.00516187,0.0437831,0.999028,-0.278849,0.00479199,0.00567748,-0.108211,0.994112,0.285075,0.00606114,
7410,551,0,1,1,1,0,2,0,0,0,0,0,0,0,0,0.987294,0.158785,0.0061331,-0.658259,0.0175531,0.995757,-0.0920227,0.000570618,0.655746,0.017198,-0.0164751,-0.999851,-0.00507996,0.16339,0.000461146,0.0102453,-0.999935,0.00493613,-0.169495,4.12934e-05,-0.00741566,0.166893,0.985947,-0.277979,0.00246496,-0.0114026,-0.178209,0.983927,0.265256,0.00257347,
7413,11,0,4,1,0,0,2,0,0,0,0,0,0,0,0,0.851376,0.523027,0.0400303,-0.536939,0.0471648,0.950299,-0.306996,-0.0518209,0.597229,0.0526491,-0.0540701,-0.998505,-0.00797256,0.209638,0.000398538,-0.024246,-0.999699,-0.00369018,-0.159383,0.000115564,0.0090867,0.145461,0.989322,-0.271062,0.00424115,0.00914132,-0.200702,0.97961,0.2841,0.00363445,
7451,201,0,1,1,1,0,2,0,0,0,0,0,0,0,0,0.975821,0.218561,-0.00223646,-0.641969,0.0209837,0.995484,-0.094825,0.00437281,0.649907,0.0218935,-0.0129655,-0.999826,0.0134379,0.156697,0.000646095,0.0106446,-0.99987,0.0120829,-0.143442,3.40404e-05,-0.0127214,0.163967,0.986384,-0.280153,0.00365734,-0.00483068,-0.12171,0.992554,0.268256,0.00370155,
7465,11,0,4,1,0,0,2,0,0,0,0,0,0,0,0,0.884911,0.465431,-0.0175063,-0.567623,0.0295472,0.985178,-0.171306,0.00886619,0.613938,0.0263351,-0.0671367,-0.997728,0.00559965,0.207662,0.000291143,-0.0261592,-0.999656,-0.00212018,-0.16043,5.26665e-05,0.0187639,0.180057,0.983477,-0.277133,0.00326256,0.00724787,-0.127332,0.991834,0.289087,0.0030082,
7514,311,0,1,1,0,0,3,0,0,0,0,0,0,0,0,-0.654908,-0.753869,-0.0526984,0.40161,0.0525813,0.989448,-0.138006,-0.0441239,0.619959,0.0466348,0.0111318,-0.99989,-0.00978819,0.218783,0.000754811,0.0694884,-0.997544,-0.00883354,-0.158311,0.00461538,-0.0224239,0.166269,0.985825,-0.248343,0.00237031,-0.00261345,-0.223524,0.974695,0.248299,0.00301037,
7515,595,2,2,1,0,0,2,0,0,0,0,0,0,0,0,0.800826,0.598801,-0.0107763,-0.493403,0.0101264,0.972396,-0.233242,-0.0066717,0.611411,0.010624,-0.0256886,-0.999645,-0.00701759,0.163727,0.000244838,0.00625257,-0.99998,-0.0011031,-0.150117,8.62731e-05,-0.028056,0.170415,0.984973,-0.249579,0.00337764,0.0440752,-0.247542,0.967874,0.251038,0.00375792,
7526,67,2,2,1,0,0,2,0,0,0,0,0,0,0,0,0.795866,0.605145,-0.0199185,-0.489889,0.00977615,0.975152,-0.22098,-0.0156968,0.610656,0.0104957,-0.0238481,-0.999555,-0.0179054,0.163111,0.000202801,0.00560251,-0.999983,0.00142629,-0.148302,4.10929e-05,-0.0246677,0.17186,0.984812,-0.252414,0.00271909,0.0406013,-0.202573,0.978425,0.255874,0.0029174,
7532,410,1,1,1,1,0,2,0,0,0,0,0,0,0,0,0.99131,0.13152,-0.00250952,-0.645481,0.0265333,0.990446,-0.137572,0.00956848,0.637993,0.026526,-0.0186527,-0.999793,0.00807686,0.159275,0.000640304,0.00170378,-0.999974,0.00706651,-0.149196,3.55563e-05,-0.00525845,0.139561,0.990199,-0.26772,0.00480451,-0.00440835,-0.154151,0.988037,0.261194,0.00516709,
7539,83,1,1,1,1,0,2,0,0,0,0,0,0,0,0,0.991886,0.126617,-0.0113788,-0.644252,0.0261657,0.991045,-0.133445,0.00463699,0.636406,0.0267961,-0.0188084,-0.999787,0.00854512,0.158084,0.0005646,0.00289507,-0.999943,0.0102941,-0.146323,8.22339e-05,-0.00546453,0.192553,0.981271,-0.267168,0.00625019,0.000232458,-0.180407,0.983592,0.260568,0.00629243,
7540,67,2,2,1,0,0,2,0,0,0,0,0,0,0,0,0.788992,0.613585,-0.0317052,-0.493623,0.00957603,0.979439,-0.201295,-0.0133878,0.621614,0.0103455,-0.0311162,-0.999436,-0.012604,0.161175,0.000220172,0.00251935,-0.999987,-0.00440483,-0.150797,8.41775e-05,-0.0226772,0.153984,0.987813,-0.253871,0.00212511,0.0417927,-0.222456,0.974047,0.254847,0.00259189,
7553,360,0,4,4,1,0,2,0,0,0,0,0,0,0,0,0.999051,0.0385562,-0.0202741,-0.630759,0.0345921,0.998725,-0.0500498,0.00660098,0.632969,0.0338426,-0.022993,-0.999732,-0.00276022,0.161406,0.000217943,-0.00456766,-0.999951,-0.00875901,-0.183739,3.43032e-05,-0.00467652,0.0937277,0.995587,-0.265143,0.00562007,-0.00378148,-0.123583,0.992327,0.267487,0.0064638,
7586,477,0,4,1,0,0,2,0,0,0,0,0,0,0,0,0.989172,0.146646,-0.00575823,-0.607525,0.0192889,0.839198,-0.543816,-0.00321985,0.542562,0.0207015,0.0187293,-0.999822,0.00217141,0.208027,0.000440856,-0.02433,-0.999694,0.00446079,-0.153264,0.000157859,0.011181,0.142957,0.989666,-0.266901,0.00305712,0.0109015,-0.189219,0.981874,0.279327,0.00396672,
7587,46,0,4,1,0,0,2,0,0,0,0,0,0,0,0,0.891506,0.453004,-0.00214267,-0.548842,0.0218631,0.985984,-0.166196,-0.014637,0.598029,0.0181047,-0.0552403,-0.998369,-0.0143896,0.215506,0.000298299,-0.0293656,-0.999422,-0.0171243,-0.14515,9.73467e-05,0.0171976,0.138742,0.990179,-0.268401,0.00355795,0.00572812,-0.19197,0.981384,0.280634,0.00336613,
7588,29,0,1,1,0,0,2,0,0,0,0,0,0,0,0,0.792368,0.610003,-0.00706062,-0.497767,0.00969888,0.993521,-0.113643,0.0010712,0.613587,0.0196633,-0.0223124,-0.999693,0.0107628,0.166104,0.000204049,0.00165336,-0.999949,0.00999182,-0.143992,0.000147359,-0.00119761,0.176475,0.984304,-0.260704,0.0027218,0.00271627,-0.137058,0.990559,0.256317,0.0027982,
7645,55,2,2,1,0,0,2,0,0,0,0,0,0,0,0,0.77707,0.628994,0.0229693,-0.479572,0.00887492,0.979802,-0.199969,-0.000509618,0.617335,0.0103526,-0.0271486,-0.999631,-0.00133424,0.162307,0.000180622,0.00891459,-0.999955,-0.00327871,-0.146773,0.0001691,-0.0278823,0.159257,0.986843,-0.252397,0.00267534,0.0448799,-0.168203,0.98473,0.25462,0.00276722,
7667,32,0,2,1,1,0,2,0,0,0,0,0,0,0,0,0.764255,0.636801,-0.101976,-0.485959,0.0713817,0.986624,-0.162969,0.00369645,0.596228,0.030568,-0.0205068,-0.999778,0.00474927,0.187365,0.000568087,0.00787562,-0.999968,-0.00145253,-0.16664,0.000127826,0.0135457,0.168864,0.985546,-0.280001,0.003639,0.0183601,-0.101599,0.994656,0.274139,0.00319636,
7683,58,0,1,1,0,0,2,0,0,0,0,0,0,0,0,0.777797,0.628441,-0.00962725,-0.473343,0.013802,0.980669,-0.195239,-0.0130421,0.592325,0.0402205,-0.0104757,-0.999892,0.0103351,0.173954,0.000143524,0.0140735,-0.99989,0.00472297,-0.182685,2.36321e-05,-0.00777281,0.132584,0.991141,-0.268499,0.00433499,0.0101785,-0.211788,0.977262,0.263776,0.00388374,
7697,17,0,1,1,1,0,2,0,0,0,0,0,0,0,0,0.966112,0.258089,0.0041569,-0.617529,0.0183308,0.99644,-0.0841293,0.00551943,0.632643,0.0202636,-0.0137981,-0.999804,0.0141769,0.160677,0.000326881,0.0196296,-0.999772,0.0084127,-0.142237,0.000432736,-0.0178051,0.226919,0.973751,-0.276491,0.00397401,-0.000313437,-0.172086,0.985082,0.26527,0.00440404,
7701,551,0,1,1,1,0,2,0,0,0,0,0,0,0,0,0.995272,0.0971309,0.000247506,-0.663267,0.0184568,0.989387,-0.143986,0.0195267,0.653625,0.0165985,-0.0146968,-0.999885,0.00383715,0.163656,0.000663681,0.00212962,-0.999963,0.00832285,-0.17445,1.42287e-05,-0.0165673,0.189882,0.981667,-0.276952,0.00350405,-0.00246873,-0.191742,0.981442,0.2644,0.00373131,
7709,11,0,4,1,0,0,2,0,0,0,0,0,0,0,0,0.92356,0.383283,-0.0114305,-0.579687,0.0187359,0.979503,-0.200811,-0.0157936,0.607373,0.00994748,-0.0520419,-0.99847,-0.0186899,0.212623,0.000198119,-0.0276857,-0.99953,-0.0131408,-0.154153,0.000322708,0.0111984,0.120395,0.992663,-0.274946,0.00300177,0.0135209,-0.17777,0.983979,0.28658,0.00311717,
7713,138,0,1,1,1,0,2,0,0,0,0,0,0,0,0,0.9918,0.12779,0.00133252,-0.655063,0.0186102,0.994782,-0.101852,0.00586822,0.650244,0.0173106,-0.0166872,-0.999856,0.00315207,0.163298,0.000307152,0.010865,-0.999933,0.00410938,-0.168564,3.74697e-05,-0.010057,0.193353,0.981078,-0.278137,0.00324036,-0.00979853,-0.144965,0.989388,0.266359,0.00258085,
7753,393,1,2,2,1,0,2,0,0,0,0,0,0,0,0,0.968494,0.24902,-0.00281237,-0.625592,0.0142312,0.984632,-0.174612,0.00327838,0.625807,0.014914,-0.0199919,-0.9998,-0.000739264,0.175895,0.00061832,-0.00273853,-0.999982,0.00524857,-0.144972,1.87254e-05,-0.00748554,0.144423,0.989488,-0.260759,0.00440541,-0.00209977,-0.126885,0.991915,0.259903,0.00425557,
7775,387,0,1,1,1,0,2,0,0,0,0,0,0,0,0,0.971101,0.238667,-0.000375028,-0.636954,0.0167071,0.995921,-0.0901243,0.00446255,0.646518,0.0214806,-0.0129554,-0.999895,0.00649873,0.158682,0.00120509,0.0134976,-0.999893,0.00570116,-0.149431,2.52171e-05,-0.0151469,0.205903,0.978455,-0.278697,0.00346572,-0.00621579,-0.131319,0.991321,0.266328,0.00380077,
7791,83,1,1,1,1,0,2,0,0,0,0,0,0,0,0,0.982339,0.186112,0.0192917,-0.636646,0.0425736,0.98492,-0.169753,-0.0334091,0.629747,0.050514,-0.0146298,-0.99988,-0.00502259,0.156453,0.000873821,-0.000411857,-0.999947,0.0103013,-0.145332,1.46877e-05,-0.00540814,0.097471,0.995224,-0.271475,0.00655167,-0.004651,-0.196098,0.980573,0.263635,0.00574479,
7792,12,1,2,2,1,0,2,0,0,0,0,0,0,0,0,0.966115,0.258083,-0.00385172,-0.62455,0.0147503,0.977481,-0.210859,0.00838729,0.622268,0.0141002,-0.0186073,-0.999813,0.00516023,0.174403,0.000564327,-0.00381913,-0.999974,0.00606958,-0.13707,2.17804e-05,-0.00815482,0.15484,0.987906,-0.2604,0.00441453,-0.00348542,-0.149057,0.988823,0.260008,0.00417254,
7840,6,1,2,2,1,0,2,0,0,0,0,0,0,0,0,0.97475,0.223239,-0.00524485,-0.625431,0.0143574,0.981284,-0.192557,0.00195668,0.620109,0.0139101,-0.0166502,-0.999854,0.00377154,0.178811,0.000546541,-0.00612741,-0.999952,0.00768542,-0.15356,4.56003e-05,-0.00747163,0.134497,0.990886,-0.260925,0.00493053,-0.00115499,-0.139021,0.990289,0.260133,0.00489842,
7876,38,0,1,1,1,0,2,0,0,0,0,0,0,0,0,0.99596,0.0885624,-0.0148334,-0.673873,0.0137363,0.993304,-0.113659,0.0207077,0.66567,0.0138946,-0.012625,-0.999897,0.00688104,0.158655,0.000447383,0.000592224,-1,0.000106213,-0.171427,1.74364e-05,-0.0123192,0.154972,0.987842,-0.282401,0.0028915,-0.00844991,-0.154221,0.988,0.269063,0.00348091,
7895,71,0,2,1,0,0,2,0,0,0,0,0,0,0,0,0.806191,0.591569,-0.0100773,-0.491466,0.0072423,0.991237,-0.131903,0.00714277,0.598534,0.0123838,-0.0176637,-0.999843,0.00106992,0.171851,0.000694901,0.00118201,-0.999976,0.00682284,-0.139647,3.17187e-05,-0.0126346,0.186239,0.982423,-0.260942,0.0029171,0.00383968,-0.199179,0.979956,0.272116,0.0031166,
7899,15,0,1,1,1,0,2,0,0,0,0,0,0,0,0,0.972833,0.231289,0.0101071,-0.623696,0.0192018,0.995505,-0.0946767,0.00234683,0.634782,0.0188144,-0.0168668,-0.999843,0.00550157,0.163187,0.000298016,0.0164582,-0.999833,0.00800116,-0.162069,2.05187e-05,-0.0178855,0.232486,0.972435,-0.279691,0.00412249,-0.00224411,-0.167475,0.985874,0.269103,0.00404799,
7951,55,2,2,1,0,0,2,0,0,0,0,0,0,0,0,0.793853,0.607019,0.0363979,-0.493033,0.00926148,0.989828,-0.141688,0.0128843,0.623177,0.0152629,-0.0320791,-0.999481,0.00277618,0.161201,0.000179626,0.00756576,-0.999956,-0.00550324,-0.151085,8.34076e-05,-0.0235111,0.165618,0.98591,-0.255366,0.00252053,0.0426653,-0.170276,0.984472,0.257762,0.00254387,
7989,536,1,2,2,1,0,2,0,0,0,0,0,0,0,0,0.988754,0.149547,-0.000655493,-0.645058,0.0266896,0.989614,-0.143737,-0.00207104,0.633987,0.0259097,-0.0237139,-0.999701,0.00595969,0.169645,0.000528152,0.00108481,-0.999988,0.00470402,-0.135633,2.12697e-05,-0.00557149,0.175506,0.984463,-0.265161,0.00602804,-0.00293667,-0.170583,0.985339,0.263411,0.00617572,
7997,100,1,4,4,1,0,2,0,0,0,0,0,0,0,0,0.994877,0.100843,0.00710528,-0.631433,0.0355963,0.999512,-0.0311983,0.00144414,0.635635,0.0396404,-0.0194448,-0.99979,-0.00643393,0.173947,0.000359907,0.00558462,-0.999976,-0.00413372,-0.151797,4.44824e-05,-0.00789658,0.185561,0.982601,-0.268928,0.00706891,-0.00690779,-0.11403,0.993453,0.270166,0.00706203,
8005,94,0,1,1,0,0,2,0,0,0,0,0,0,0,0,0.720119,0.692283,0.0466062,-0.427816,0.0340185,0.92687,-0.359526,-0.107953,0.545401,0.0948829,-0.00637245,-0.999958,-0.00662035,0.17359,0.000357944,0.0150503,-0.999885,0.00192965,-0.178263,1.36474e-05,-0.00392729,0.145785,0.989309,-0.270891,0.00326436,0.00984787,-0.166233,0.986037,0.269638,0.00265654,
8043,32,0,2,1,1,0,2,0,0,0,0,0,0,0,0,0.89869,0.438531,-0.00682993,-0.576805,0.0119369,0.988523,-0.148738,-0.0264335,0.595166,0.0190731,-0.0144781,-0.999895,0.000685644,0.187437,0.000252841,0.000603943,-0.999998,0.0021087,-0.168651,4.06096e-05,0.015313,0.119099,0.992764,-0.28265,0.00304239,0.0133353,-0.16475,0.986245,0.277907,0.00343257,
8045,253,2,2,2,0,0,2,0,0,0,0,0,0,0,0,0.82789,0.5542,0.0863797,-0.532014,0.00352183,0.96733,-0.216625,0.131709,0.630788,0.00476452,-0.0639865,-0.997697,0.0225186,0.181155,0.000287248,-0.0240156,-0.999257,0.030135,-0.130343,2.1468e-05,-0.154337,0.255463,0.954421,-0.255754,0.00342271,-0.124869,-0.114622,0.98553,0.262042,0.00412402,
8047,253,2,2,2,0,0,2,0,0,0,0,0,0,0,0,0.828349,0.542239,0.140765,-0.533003,0.00365618,0.978704,-0.0608215,-0.196058,0.591885,0.0860665,-0.0183547,-0.997511,-0.0680818,0.183723,0.000231165,0.0131865,-0.998243,-0.0577603,-0.120803,2.60766e-05,-0.157289,0.214469,0.963983,-0.262277,0.00574818,-0.114241,-0.285397,0.951576,0.256557,0.00545121,
8051,56,0,1,1,1,0,2,0,0,0,0,0,0,0,0,0.990983,0.132485,0.0200007,-0.655449,0.0168225,0.996687,-0.0812222,0.00428573,0.649095,0.0174733,-0.0195979,-0.999803,0.00318466,0.164547,0.00051772,0.0118523,-0.999926,0.00284701,-0.170597,7.32897e-05,-0.00719999,0.187923,0.982157,-0.278672,0.00345584,-0.0130977,-0.148417,0.988838,0.267692,0.00289061,
8134,387,0,1,1,1,0,2,0,0,0,0,0,0,0,0,0.977497,0.210923,-0.00340679,-0.638432,0.0175685,0.994932,-0.100307,0.00698511,0.642648,0.0224317,-0.00986733,-0.99993,0.0065845,0.158722,0.000902546,0.00720689,-0.999974,0.000582399,-0.145344,1.7045e-05,-0.0172594,0.129553,0.991422,-0.278296,0.00410783,-0.00249838,-0.149845,0.988706,0.264312,0.00441308,
8178,124,0,1,1,1,0,2,0,0,0,0,0,0,0,0,0.99119,0.111198,0.0719588,-0.649125,0.0862612,0.993204,-0.114307,-0.0219014,0.65048,0.0592298,-0.0130619,-0.999914,-0.000833297,0.15756,0.000971104,0.00667739,-0.999967,-0.00463386,-0.151138,0.00039635,-0.0146524,0.150535,0.988496,-0.277373,0.00392785,-0.00576616,-0.165137,0.986254,0.264164,0.00396976,
8200,56,0,1,1,1,0,2,0,0,0,0,0,0,0,0,0.992991,0.118178,0.00158018,-0.65565,0.0177983,0.990205,-0.139618,-0.000356996,0.646983,0.0165743,-0.0142827,-0.999883,0.00549258,0.16428,0.000312513,0.00754502,-0.999966,0.00343559,-0.17284,2.22335e-05,-0.0132852,0.177156,0.984093,-0.278058,0.00335926,-0.00678273,-0.16913,0.98557,0.265723,0.00367359,
8230,200,0,1,1,1,0,2,0,0,0,0,0,0,0,0,0.893447,0.449167,-0.0013308,-0.562851,0.0116496,0.9908,-0.134924,0.0104855,0.621793,0.0175511,-0.00464017,-0.99997,0.00614451,0.165431,0.000609097,0.0156122,-0.999848,0.00780931,-0.145938,0.000153627,-0.0184766,0.196374,0.980355,-0.27301,0.00435319,-0.000916527,-0.188477,0.982077,0.260671,0.00483117,
8243,599,1,4,4,2,0,2,0,0,0,0,0,0,0,0,-0.667782,-0.744355,0.00162269,0.374377,0.0144256,0.982852,-0.184364,-0.00350498,0.566979,0.0409354,-0.0294308,-0.999564,-0.00227579,0.178463,0.00110009,0.0052941,-0.999979,0.00385367,-0.145393,6.8324e-05,-0.04871,0.239291,0.969725,-0.254236,0.00962891,0.0288553,-0.186295,0.98207,0.252111,0.0100831,
8247,1,0,4,4,1,0,2,0,0,0,0,0,0,0,0,0.973681,0.0558996,0.220952,-0.60952,0.0702296,0.991208,-0.132132,0.00688234,0.633097,0.0313343,-0.0237967,-0.999689,-0.00745629,0.151857,0.000461422,-0.00429496,-0.999987,-0.0027293,-0.158064,1.96599e-05,-0.0148216,0.269107,0.962996,-0.26288,0.00677501,0.00245277,-0.270754,0.962646,0.268295,0.00557389,
8255,47,2,2,2,0,0,2,0,0,0,0,0,0,0,0,0.855663,0.507683,0.10049,-0.547123,0.00883787,0.972001,-0.209302,0.106799,0.632236,0.0119754,-0.0561613,-0.998365,0.0106155,0.181569,0.00053141,-0.0189366,-0.999403,0.0288942,-0.127045,3.42059e-05,-0.166637,0.251285,0.953461,-0.260066,0.00251984,-0.107006,-0.122642,0.986665,0.266061,0.003638,
8281,355,0,4,4,1,0,2,0,0,0,0,0,0,0,0,0.969675,0.244197,0.00990984,-0.602742,0.0277598,0.985698,-0.1685,-0.00273716,0.616345,0.0355319,-0.0252265,-0.999659,-0.00671696,0.15311,0.000580842,-0.00348542,-0.999991,-0.00262477,-0.152194,1.30444e-05,-0.0159795,0.226503,0.973879,-0.260666,0.00596459,0.011353,-0.19265,0.981202,0.267939,0.00599616,
8293,332,0,2,1,1,0,2,0,0,0,0,0,0,0,0,0.980856,0.194479,0.00997744,-0.675641,0.023689,0.989996,-0.140804,0.00904042,0.641583,0.0224978,-0.0366276,-0.999329,-0.000344561,0.170679,0.000888595,-0.0163555,-0.999866,-0.000605248,-0.137683,3.74217e-05,0.0148063,0.141672,0.989803,-0.276932,0.00336685,0.0183556,-0.224241,0.974361,0.271574,0.00300225,
8328,364,0,1,1,1,0,2,0,0,0,0,0,0,0,0,0.996749,0.0618554,0.0516294,-0.654716,0.0416199,0.991785,-0.127816,0.005069,0.645834,0.0173553,-0.0157205,-0.999865,0.00472018,0.16529,0.00105447,0.0112195,-0.99987,0.0116014,-0.169331,0.00093916,-0.0123272,0.177853,0.98398,-0.273573,0.0034946,-0.00772295,-0.199382,0.979891,0.260277,0.00402917,
8331,201,0,1,1,1,0,2,0,0,0,0,0,0,0,0,0.975839,0.218349,0.00791559,-0.621145,0.0208172,0.994574,-0.103779,0.00722569,0.629884,0.0226143,-0.0104069,-0.999945,0.00112706,0.159231,0.000884746,0.00797256,-0.999968,-0.000400976,-0.144415,1.72189e-05,-0.0252258,0.124397,0.991912,-0.28069,0.003883,0.00158985,-0.154652,0.987968,0.267532,0.004156,
8332,53,2,2,1,0,0,2,0,0,0,0,0,0,0,0,0.888382,0.458133,0.0298587,-0.566186,0.00857414,0.987281,-0.158557,0.0116857,0.635179,0.00974955,-0.0331762,-0.99941,0.00889082,0.157596,0.000195507,0.00584925,-0.999934,-0.00987842,-0.14934,3.8039e-05,-0.0222757,0.227418,0.973542,-0.251365,0.00250142,0.0418141,-0.20741,0.97736,0.252594,0.00506629,
8333,47,2,2,2,0,0,2,0,0,0,0,0,0,0,0,0.833187,0.544825,0.0946855,-0.529013,0.00844048,0.974361,-0.200154,0.10276,0.63044,0.0128866,-0.0577579,-0.99833,0.00125607,0.1799,0.000381735,-0.0185196,-0.999732,0.0138844,-0.125981,5.42949e-05,-0.164811,0.267577,0.949336,-0.264064,0.00283481,-0.104733,-0.150617,0.983029,0.268,0.00375542,
8370,253,2,2,2,0,0,2,0,0,0,0,0,0,0,0,0.821595,0.564237,0.0813531,-0.523742,0.0112603,0.976116,-0.174981,0.128759,0.633047,0.00509176,-0.0542666,-0.998238,0.0240177,0.182289,0.000227406,-0.00862168,-0.999538,0.0291476,-0.126637,3.7612e-05,-0.159092,0.267697,0.950278,-0.254821,0.00442376,-0.118582,-0.0861421,0.989201,0.260804,0.00450703,
8383,56,0,1,1,1,0,2,0,0,0,0,0,0,0,0,0.995019,0.0993707,-0.00786118,-0.643266,0.0182653,0.993131,-0.116983,0.00253459,0.637064,0.0165358,-0.0121162,-0.999925,-0.00151437,0.16521,0.000238327,0.00550193,-0.999973,0.00483241,-0.169045,9.10755e-05,-0.0155529,0.158426,0.987248,-0.278252,0.00346129,-0.00616262,-0.152036,0.988356,0.265989,0.00343186,
8393,14,0,1,1,1,0,2,0,0,0,0,0,0,0,0,-0.544884,-0.825761,0.14567,0.353903,0.0733679,0.964917,-0.262164,-0.014352,0.641363,0.0260684,-0.0160964,-0.998957,-0.0427179,0.159707,0.000858579,0.00454331,-0.999973,0.00584492,-0.162524,4.62807e-05,-0.00993908,0.177467,0.984077,-0.285746,0.00309253,-0.0239504,0.0780957,0.996658,0.280844,0.0180964,
8413,15,0,1,1,1,0,2,0,0,0,0,0,0,0,0,0.972358,0.232598,0.0204651,-0.619085,0.0164525,0.996846,-0.0793595,0.00090168,0.632472,0.0174133,-0.0165614,-0.99986,0.00255169,0.164386,0.000363812,0.0192427,-0.999777,0.00866769,-0.162094,7.34613e-05,-0.0148372,0.212068,0.977142,-0.278336,0.00461743,-0.00437453,-0.15768,0.987481,0.26791,0.00371166,
8423,24,0,4,1,0,0,2,0,0,0,0,0,0,0,0,0.936472,0.350719,-0.00406996,-0.605082,0.0186491,0.980835,-0.193095,-0.0260126,0.62044,0.014771,-0.0976642,-0.995219,0.000659857,0.208261,0.000347523,-0.0668115,-0.99776,0.00325847,-0.103954,4.02806e-05,0.0284456,0.192961,0.980794,-0.266175,0.0026383,-0.00467669,-0.178393,0.983948,0.277317,0.00207383,
8426,118,2,2,1,0,0,2,0,0,0,0,0,0,0,0,0.84081,0.541287,-0.00684625,-0.536735,0.0030829,0.985245,-0.171013,-0.00687049,0.630393,0.0037556,-0.0297936,-0.999549,-0.003736,0.158264,0.000175838,0.00199157,-0.999996,-0.0018004,-0.148748,1.53152e-05,-0.0128616,0.128363,0.991644,-0.254836,0.00278041,0.0312973,-0.231372,0.972362,0.256158,0.00347723,
8435,85,0,4,1,0,0,2,0,0,0,0,0,0,0,0,0.916331,0.400305,-0.00963902,-0.585102,0.0201313,0.973306,-0.228943,-0.0161605,0.61563,0.0123128,-0.0902157,-0.995883,-0.0088638,0.211978,0.000618572,-0.0606867,-0.998074,-0.0128571,-0.106042,1.49442e-05,0.0154876,0.181566,0.983257,-0.262424,0.00181018,0.00547003,-0.161216,0.986904,0.274774,0.00209415,
8463,15,0,1,1,1,0,2,0,0,0,0,0,0,0,0,0.97117,0.238234,0.00855799,-0.596451,0.0193128,0.996554,-0.0811122,0.0173488,0.614155,0.0186861,-0.0124749,-0.999917,0.00310785,0.166818,0.00038493,0.0178293,-0.99982,0.00640852,-0.161464,7.03995e-05,-0.0225692,0.170717,0.985062,-0.279717,0.00405612,0.00419897,-0.196577,0.980479,0.267576,0.00418713,
8484,67,2,2,1,0,0,2,0,0,0,0,0,0,0,0,0.794735,0.606836,-0.0120736,-0.4901,0.0156539,0.978586,-0.198543,-0.0543171,0.613432,0.0331782,-0.0248838,-0.999469,-0.0210324,0.162523,0.000348893,0.00380645,-0.999992,-0.000651018,-0.150144,0.000129557,-0.0198211,0.17362,0.984613,-0.251931,0.002417,0.0351171,-0.233583,0.971702,0.253863,0.00346456,
8490,551,0,1,1,1,0,2,0,0,0,0,0,0,0,0,0.99031,0.138794,0.00463052,-0.64725,0.0186839,0.990244,-0.139338,-0.00106344,0.641029,0.0177873,-0.0175753,-0.999843,0.00230651,0.165493,0.000781434,0.0108709,-0.999935,0.00347385,-0.168879,1.21081e-05,-0.0123423,0.207715,0.978111,-0.273333,0.00369404,-0.00365508,-0.172191,0.985057,0.261084,0.00396539,
8493,1,0,4,4,1,0,2,0,0,0,0,0,0,0,0,0.990452,0.137408,0.0111698,-0.610074,0.0331977,0.99548,-0.0949572,-0.00176053,0.618661,0.030154,-0.0273415,-0.999612,-0.00535784,0.155089,0.000542733,8.86639e-05,-0.99998,-0.00634225,-0.156102,7.53167e-05,-0.00854377,0.168363,0.985688,-0.263908,0.0048963,0.00324881,-0.166851,0.985977,0.268669,0.00481465,
8519,235,0,4,1,0,0,2,0,0,0,0,0,0,0,0,0.898946,0.437899,0.0118522,-0.536002,0.0171785,0.973067,-0.229852,-0.0175887,0.588723,0.015545,-0.0273987,-0.999554,-0.0118566,0.230041,0.000858311,0.00930884,-0.999744,-0.0206205,-0.0891147,0.000113485,-0.00478239,0.207378,0.978249,-0.254733,0.00496253,0.0346207,-0.180617,0.982944,0.268095,0.00502949,
8539,83,1,1,1,1,0,2,0,0,0,0,0,0,0,0,0.989424,0.144944,-0.00561853,-0.640861,0.0257121,0.992322,-0.123648,0.00275659,0.636841,0.0257787,-0.0199707,-0.999772,0.00760498,0.158937,0.000556228,0.00334152,-0.99995,0.00943314,-0.149614,1.51955e-05,-0.0101445,0.231873,0.972693,-0.267139,0.00574089,0.00407063,-0.16401,0.98645,0.261839,0.00585688,
8597,543,2,2,1,0,0,2,0,0,0,0,0,0,0,0,0.884246,0.467008,-0.00358343,-0.560642,0.0233084,0.952699,-0.281549,-0.114433,0.607926,0.0581988,-0.029027,-0.999437,-0.0168214,0.156714,0.000414622,0.000401619,-0.999997,0.00228681,-0.150889,3.37076e-05,-0.020058,0.16277,0.98646,-0.253121,0.00490223,0.0388931,-0.217012,0.975394,0.257049,0.00161377,
8615,54,0,4,4,1,0,2,0,0,0,0,0,0,0,0,0.975886,0.195715,-0.0966566,-0.614684,0.113615,0.963729,-0.219015,0.152507,0.605536,0.131816,-0.025194,-0.999661,0.00655835,0.148494,0.000448422,-0.000122204,-0.999982,-0.00608411,-0.171345,0.000240394,-0.00417351,0.0487236,0.998804,-0.279363,0.00552841,-0.000591681,-0.0830583,0.996544,0.284236,0.00584803,
8623,430,1,2,1,2,0,2,0,0,0,0,0,0,0,0,0.865622,0.500315,0.0196103,-0.535856,0.00254656,0.988656,-0.148858,0.0200036,0.631174,0.00391345,-0.0167608,-0.999838,-0.0066009,0.169118,0.0002677,0.00767652,-0.999946,-0.00697612,-0.155367,2.4989e-05,-0.0238325,0.161698,0.986552,-0.265407,0.00153974,-0.0100865,-0.219349,0.975594,0.264669,0.00164866,
8626,357,0,2,2,0,0,2,0,0,0,0,0,0,0,0,0.818707,0.573971,0.016615,-0.505738,0.0162974,0.989067,-0.147327,-0.00646341,0.581949,0.0465363,-0.0441135,-0.999026,-0.000465332,0.183989,0.000555117,-0.00695868,-0.999964,0.00492848,-0.126882,4.22657e-05,-0.0268636,0.262639,0.96452,-0.257451,0.00754879,0.0117914,-0.171753,0.985069,0.263363,0.00718504,
8644,39,0,1,1,1,0,2,0,0,0,0,0,0,0,0,0.974559,0.223759,-0.0129228,-0.636588,0.0277977,0.997746,-0.0657249,0.0135731,0.644128,0.0289368,-0.0163262,-0.999805,0.0111391,0.158188,0.000692471,0.0123686,-0.999906,0.00590037,-0.155682,5.87241e-05,-0.0112088,0.107185,0.994176,-0.283423,0.00357202,-0.00812108,-0.109968,0.993902,0.270804,0.00318021,
8706,88,2,2,1,0,0,2,0,0,0,0,0,0,0,0,0.836342,0.548128,-0.00943013,-0.504729,0.00398429,0.986761,-0.162174,0.00122857,0.595845,0.00460114,-0.0115884,-0.999905,-0.00745325,0.175216,0.000369061,0.0252098,-0.999682,0.000653565,-0.189103,0.000121432,-0.00727467,0.126097,0.991991,-0.269512,0.00285357,0.022533,-0.139728,0.989933,0.273894,0.00236936,
8711,92,0,1,1,1,0,2,0,0,0,0,0,0,0,0,0.971174,0.238183,0.00945119,-0.63208,0.0133579,0.997005,-0.0769025,0.00823021,0.642435,0.0154464,-0.0121604,-0.999926,0.000962552,0.164354,0.00031546,0.00981577,-0.999942,0.0043319,-0.166273,4.92347e-05,-0.0142027,0.206864,0.978267,-0.277319,0.00285615,-0.00863395,-0.15188,0.988361,0.265614,0.00280383,
8714,384,0,4,4,1,0,2,0,0,0,0,0,0,0,0,0.999428,0.0323363,0.00993036,-0.628176,0.0358395,0.997313,-0.0727952,0.00824896,0.629419,0.0360977,-0.0234611,-0.999723,-0.00166027,0.164155,0.000182988,-0.00695263,-0.999963,-0.00503908,-0.185138,0.000134632,-0.0135511,0.0639681,0.99786,-0.264339,0.00705855,-0.000623117,-0.0963751,0.995345,0.269104,0.00667938,
8825,26,0,1,1,1,0,2,0,0,0,0,0,0,0,0,0.972117,0.234479,0.00271421,-0.621895,0.018221,0.997342,-0.0722585,0.00938049,0.63365,0.0184826,-0.0187812,-0.999694,0.0160684,0.16381,0.000487265,0.0178882,-0.999839,0.00162665,-0.162655,2.93733e-05,-0.0163878,0.170092,0.985292,-0.281234,0.00300044,-0.00614171,-0.16544,0.986201,0.26944,0.00320084,
